date,avg_price
2021-09-16,48186.532757047222
2020-08-17,11901.776488302461
2013-12-09,897.89
2015-12-14,443.277
2014-07-21,619.90880000000016
2016-08-28,573.5288
2020-10-02,10627.976063963179
2016-11-09,721.1774999999999
2023-07-23,29710.155935991766
2021-03-01,44970.163459946736
2019-06-21,9548.31456526146
2017-06-20,2777.79265567999
2013-12-03,1078.64
2022-03-11,39468.354773001891
2024-11-27,91931.830772918271
2014-12-14,350.133
2022-01-08,41527.197042644846
2015-11-19,325.5680000000001
2020-01-12,8012.0857818145287
2015-09-13,230.5048000000001
2018-11-13,6411.3534362051478
2021-06-12,37289.432522102223
2015-12-11,452.41499999999991
2024-05-20,66252.712595916135
2021-12-24,50900.614949516013
2019-11-21,8095.865638011639
2020-12-01,19609.52143957559
2019-10-23,8045.2942468072624
2019-02-18,3665.0755308007228
2024-09-22,63403.402349259355
2013-11-09,358
2020-02-23,9658.6060583754734
2018-08-02,7612.3007536831174
2015-03-16,290.09550000000007
2025-08-27,111490.82638888888
2025-08-29,109829.375
2025-04-30,94502.986111111139
2018-05-06,9766.24448548887
2018-08-03,7540.6331506171446
2017-01-29,914.14249999999981
2018-02-07,7711.2203289411
2024-07-30,66770.320918482656
2019-03-08,3871.6372479659908
2018-03-27,8186.19606281355
2018-03-11,8890.86580399612
2019-04-23,5380.9357895755884
2016-05-14,455.5030000000001
2017-11-08,7461.82443491069
2024-05-13,61507.054004121346
2016-04-07,421.076
2019-11-27,7157.6847310544726
2022-06-10,30101.187521431468
2015-04-03,253.6226999999999
2023-07-14,31446.0149710716
2023-12-10,43745.491991895469
2016-12-30,960.92500000000007
2017-11-18,7827.63146946899
2013-05-02,103.43
2020-06-10,9767.00531665552
2020-07-30,11093.612240442404
2022-06-22,20700.923933039136
2023-03-29,27291.3500210497
2021-08-30,48907.270731062214
2017-12-01,10995.7235531179
2022-09-09,19322.777749371569
2020-07-15,9247.0606959638135
2016-02-13,390.42400000000009
2024-11-29,95661.595958178514
2021-02-07,39279.412868978849
2023-12-26,43638.236302200916
2023-12-13,41450.819387377436
2019-03-10,3941.600873271771
2023-04-07,28042.9833864884
2021-09-04,49934.5282762881
2022-06-15,22244.848968001315
2023-08-14,29284.969713743809
2024-04-11,70527.889975789629
2015-12-30,426.811
2016-01-16,384.813
2018-12-25,4021.9902553454008
2014-07-12,633.63899516797414
2014-08-14,503.70879999999983
2014-03-25,582.55
2014-11-17,384.9
2022-04-26,40488.877917622376
2015-02-11,219.0956
2015-01-03,286.572
2025-07-24,118648.76388888886
2025-05-22,110972.93055555556
2025-09-25,111234.87500000003
2025-06-26,107489.73611111112
2024-09-18,60317.0319794625
2021-09-05,50013.029946945877
2019-06-09,7942.5392840642889
2020-12-22,22840.991707188354
2024-09-10,57049.118751143265
2019-09-03,10323.022660378076
2024-09-20,62966.529319105117
2022-07-19,22395.365383103952
2022-03-24,42802.154710169852
2016-11-07,706.0925
2014-02-08,701.61
2014-08-11,573.4063
2015-08-22,229.1488
2017-01-01,998.05
2020-03-14,5542.8195423731531
2018-07-20,7442.8007387483212
2013-10-16,143.61
2016-04-25,460.46599999999989
2020-05-19,9708.4398587931082
2020-08-09,11739.131006414418
2018-10-09,6653.0894508304264
2021-09-09,46085.028615781863
2020-10-23,12951.044060038126
2017-07-15,2033.29108803266
2014-03-22,561.22
2014-03-03,585.79
2015-11-25,328.16899999999993
2017-02-24,1180.8709999999999
2022-04-12,39603.965159284155
2021-12-09,50530.4580645934
2022-02-03,37000.982498641992
2024-07-11,57704.202284462874
2017-09-09,4245.60734112386
2014-06-06,648.63
2013-11-11,340.55
2019-07-29,9534.7554268332333
2015-02-22,235.55299999999991
2016-05-18,453.37100000000009
2020-09-20,11083.99836119821
2018-04-16,8258.06708369755
2021-02-21,56377.633477909869
2015-07-26,291.70376452949517
2016-08-26,578.10379999999975
2016-05-24,445.769
2020-01-13,8171.401185320944
2018-12-30,3778.1939398896011
2016-10-14,638.17999999999961
2014-08-09,588.10785598357563
2020-07-18,9156.2765831154884
2021-08-24,49518.577487906958
2023-09-25,26249.562897845204
2020-05-18,9666.32719340344
2015-08-02,281.7267
2021-03-08,51313.092620273623
2023-02-24,23951.110984233259
2014-07-05,627.58129999999994
2020-06-26,9258.6671610077065
2023-12-20,42250.206182797505
2021-04-17,61497.299569441195
2016-06-15,693.22699999999986
2021-08-26,49002.703766275452
2020-10-18,11365.814131026178
2019-09-27,8098.80982048931
2014-09-08,471.12500000000011
2013-05-11,113.01
2017-06-29,2561.68143454198
2015-08-07,278.50881375728238
2022-01-22,36508.799789830824
2023-09-05,25829.364772941324
2015-07-25,288.38815862533272
2017-12-18,19188.0539569348
2013-12-22,650.27
2021-08-10,46311.001898576891
2015-06-29,256.30387396671779
2023-04-03,28236.508738939792
2022-05-21,29256.813374416255
2023-04-16,30312.161879659241
2017-03-07,1233.0565084079958
2016-10-15,637.2088
2014-04-30,444.9968
2014-10-17,380.2925
2018-05-19,8202.82540955214
2022-08-08,23197.603469525384
2019-04-30,5199.7550085634612
2025-01-22,104922.24305555556
2025-02-13,96423.319444444438
2025-08-17,117971.11805555555
2025-08-04,114735.84027777778
2015-06-07,223.6157
2020-06-29,9139.903276297824
2017-04-20,1253.904
2019-05-20,8168.7306897837516
2021-03-15,59428.967566027764
2020-12-24,23308.12723217715
2023-11-14,36549.162048298371
2020-10-16,11495.584995733887
2016-08-11,587.6138000000002
2018-11-06,6415.443408541094
2022-10-24,19574.824231840797
2019-03-29,4028.3913011796208
2020-03-13,5142.990459018316
2023-10-31,34498.703919464067
2019-02-17,3622.5916530750715
2017-05-11,1808.7788
2023-11-21,37489.298470802016
2023-11-12,37122.722824306555
2013-05-14,114.5
2016-07-23,655.42300000000012
2016-01-18,385.13200000000012
2023-06-19,26333.092529664373
2021-11-12,65005.64515956679
2022-10-15,19198.107144951755
2021-02-27,46551.487476754723
2015-07-15,283.94918808092513
2019-12-13,7200.7070180298015
2017-01-20,891.4588
2022-11-13,16797.987482570061
2015-02-14,259.00860000000011
2013-12-02,974.03
2021-08-13,44495.20979327958
2020-09-12,10378.223044584596
2019-11-17,8496.376959145864
2013-12-30,760.52
2024-12-08,99817.03305154643
2017-05-22,2109.3963
2025-07-29,118179.34722222222
2025-07-06,108430.16666666666
2016-10-05,611.6363
2020-07-20,9202.6158395001075
2013-11-07,295.63
2020-05-01,8610.63580374089
2017-10-25,5704.87480650775
2022-05-26,29584.949851985926
2023-11-22,35965.360360680781
2019-11-19,8202.8344461079123
2022-11-24,16608.009985443568
2022-04-27,38134.215450689378
2021-12-21,47117.008204210455
2021-01-02,29352.126791948951
2017-08-27,4116.46873916326
2015-02-09,220.0922
2022-10-29,20591.241208098614
2024-11-16,90947.975094437032
2020-10-07,10605.95779130622
2014-11-04,328.0083
2017-01-08,908.08500000000038
2019-11-14,8770.78082523136
2015-04-09,243.2006548544864
2017-10-04,4231.46418703684
2018-02-02,9070.55544937356
2022-06-28,20751.477530790766
2024-01-17,43148.001643426927
2022-04-14,41205.168719040666
2024-06-27,60749.896194020141
2014-12-23,333.97
2024-07-17,65162.236252343537
2013-10-21,181.41
2020-08-29,11519.118388160729
2018-10-01,6626.0379560984866
2022-03-10,41986.034446076228
2021-12-30,46506.994647679378
2022-01-05,45938.024271723662
2019-04-26,5203.0885987307029
2014-05-18,444.2133
2016-04-14,424.932
2019-10-08,8182.251593084191
2019-12-20,7152.5586916328839
2017-02-19,1053.5024999999998
2021-06-05,36938.720311391851
2023-05-17,27022.713173921147
2017-01-28,920.245
2025-04-21,87270.951388888891
2025-05-11,104173.72916666667
2025-08-24,114482.03472222222
2025-10-18,106944.29861111109
2025-01-07,99906.006944444409
2025-10-25,111428.21527777778
2024-04-19,63461.592695107174
2018-10-25,6481.4435895580818
2024-03-29,70710.195348633119
2021-11-19,56987.32233855049
2023-07-02,30583.619599697537
2017-07-26,2507.38968460757
2020-03-24,6456.3474859634189
2024-10-28,67938.554128856733
2024-05-30,67577.265589959628
2024-12-04,96031.63097759831
2024-04-10,69158.643812076654
2015-12-17,456.473
2019-12-11,7233.950487171398
2014-10-04,327.8813
2017-09-08,4285.20793872097
2016-07-25,654.51863834810729
2017-12-17,19423.5801532525
2020-06-11,9874.8986818322355
2021-08-07,42802.137174741423
2016-10-20,628.5425
2014-07-08,620.04749999999956
2013-10-28,198.55
2020-06-14,9469.473456163696
2024-06-14,66700.316965643782
2018-03-23,8736.38576909829
2022-06-30,20108.529472889782
2020-02-16,9894.1361237891579
2014-04-28,436.92
2021-09-17,47879.473439921007
2023-11-18,36527.760225307422
2018-06-01,7460.16694986577
2015-09-07,240.503
2024-02-03,43170.658561599746
2017-07-24,2751.3470702262
2022-09-12,21739.80437979554
2015-10-21,267.0187
2020-03-02,8567.8022486792252
2018-12-05,3943.6928120656007
2013-11-20,565.34
2023-11-25,37738.931697471249
2021-02-11,44848.693449504994
2020-06-16,9431.7192622017446
2019-01-03,3872.1721842228935
2023-04-15,30468.408700590779
2021-12-12,49242.302324071476
2024-07-25,65403.535130225289
2025-09-01,108575.58333333333
2025-08-26,110303.29861111111
2025-07-16,118612.47222222222
2019-10-28,9502.020114436129
2020-11-28,17140.275552523621
2021-08-25,47940.6079149608
2024-12-02,97311.707190843241
2016-12-15,775.57249999999976
2016-07-29,657.34237919466534
2015-08-09,264.33848338932569
2019-06-29,12352.196865912691
2013-10-10,129.68
2019-04-11,5308.9056831644411
2021-07-01,35171.486304850056
2019-03-17,4007.7094638188728
2014-09-01,475.82000000000022
2020-06-28,9013.90556467614
2023-05-12,27024.765729299779
2022-09-16,19702.169889811717
2013-12-17,691.65
2017-01-14,817.82500000000027
2022-10-08,19457.308951251147
2021-08-31,47124.254224694021
2016-01-13,432.12000000000012
2021-07-18,31588.6713510167
2016-05-05,448.92199999999991
2024-09-05,57987.84601410068
2023-07-15,30311.827808130518
2018-02-24,10301.883609336
2016-11-22,748.1225
2014-03-05,658.24
2022-09-06,19785.733501855138
2017-03-11,1181.2041227520244
2016-03-30,412.597
2014-10-24,354.31750000000011
2020-05-30,9427.120373393418
2014-12-05,376.379
2023-12-24,43752.030884783759
2023-12-19,42684.182554683386
2021-08-28,49083.103305862191
2023-12-12,41200.962726101679
2018-05-29,7111.06892466996
2014-05-13,437.305
2018-10-20,6483.8277694717981
2017-09-30,4297.79117003372
2015-02-01,226.2697
2025-10-06,124468.80555555556
2025-07-12,117626.51388888888
2025-09-07,110953.69444444444
2025-09-08,111783.6875
2023-03-08,22217.209884905325
2016-10-04,609.2425
2015-08-30,228.0672
2019-06-10,7668.0296278601827
2013-10-31,203.88
2023-11-10,36768.420819126717
2017-10-21,6043.96673129542
2016-01-10,447.20699999999988
2021-06-09,33557.150683091837
2013-05-12,114.713
2018-04-05,6845.31597826858
2018-08-17,6309.3852262189957
2023-01-29,23022.232991353441
2017-10-27,5775.51666530736
2022-03-25,43936.096234540579
2024-07-21,67206.064706148944
2019-06-04,8173.6327617967381
2017-11-27,9831.40292992241
2021-05-14,49972.795398372444
2015-03-08,274.578
2019-07-09,12260.282697872621
2017-04-27,1331.3125
2014-04-18,478.2312
2019-01-15,3648.04828565649
2019-06-25,11045.550419814825
2021-10-10,55125.460337680444
2021-05-20,37287.391402427369
2022-01-07,43216.458676933587
2019-12-21,7185.4391796307564
2018-01-02,15321.9328517642
2024-03-14,73097.767026941277
2019-08-01,10062.996285663326
2023-08-02,29537.109746927432
2014-05-30,621.1467
2017-03-19,1023.4901008756748
2019-12-16,7108.5630217780463
2020-09-01,11672.324104943627
2020-03-15,5214.1891123839177
2022-03-18,41001.709578019741
2013-09-01,138.17
2023-03-30,28394.997780199057
2022-02-02,38835.69494322237
2024-06-03,67740.016902224757
2024-11-06,69335.425531337576
2025-03-11,81007.833333333358
2025-03-23,84660.645833333328
2025-07-03,109453.05555555556
2022-09-23,19464.322663348466
2020-04-07,7297.6355582894957
2020-01-11,8180.5131698038049
2017-01-30,920.99114588226212
2021-03-30,57634.928694475391
2016-01-20,418.848
2014-12-22,329.886
2021-12-13,50051.078348674855
2014-07-01,643.93500000000006
2019-03-26,3927.5772965214342
2019-07-11,12166.398288868606
2019-05-07,5715.7571359661015
2019-02-21,3976.808906528991
2020-08-18,12272.465808160425
2019-08-18,10224.218706633936
2022-03-29,46994.879118357465
2018-03-15,8307.22338626638
2018-07-27,7929.079243602936
2022-11-08,20597.755017060834
2016-12-01,753.05500000000006
2018-02-08,7611.61027778882
2020-10-11,11286.541942043945
2019-08-17,10324.993597415598
2017-08-06,3189.7324534615
2015-12-19,462.05299999999988
2013-05-04,111.25
2020-09-29,10672.02854425897
2013-11-18,580.87
2020-11-03,13558.361795524168
2014-03-07,617.62
2016-07-24,660.848923533057
2016-03-13,412.49499999999989
2019-11-20,8138.831605359057
2015-04-02,252.341
2017-01-04,1130.8495163207272
2015-05-03,239.882
2015-05-01,232.74029999999991
2019-12-29,7307.8875226833334
2024-02-20,51764.313185487765
2021-01-04,33008.226203489285
2025-06-29,107669.81250000001
2024-12-25,98541.648670579656
2025-06-17,105761.30555555556
2025-01-16,99522.777777777752
2025-04-01,84039.458333333343
2018-05-22,8354.99633591748
2018-06-12,6880.13364875604
2016-02-01,371.041
2015-01-20,210.5137
2014-04-03,447.0822
2015-12-01,363.44999999999987
2018-02-15,9428.02560716167
2015-05-19,231.94460000000009
2014-10-14,398.2888
2022-03-12,38775.17558840679
2019-11-03,9302.83461784109
2022-12-19,16742.816663834055
2015-01-17,199.4914
2024-10-06,62091.932585194016
2014-11-24,377.7417
2024-05-06,64010.008652108918
2023-12-06,44105.944772599381
2013-12-10,927.78
2019-04-27,5295.8473200482276
2023-09-22,26561.133454198716
2014-09-18,423.565
2018-06-02,7487.07630453815
2015-03-05,274.8255
2022-12-14,17784.162894053265
2018-07-31,8185.9211383023294
2013-09-20,128.57
2022-04-20,41498.122446698319
2015-05-07,236.84500000000011
2023-05-09,27696.76078562556
2023-05-05,28846.461458608057
2015-11-08,371.50200000000012
2023-06-14,25872.206458795092
2021-01-11,38397.895985418174
2024-03-19,67708.943609308059
2024-01-09,46936.185561217506
2022-12-07,17085.64314125141
2022-03-26,44331.777957064121
2014-03-14,629.67
2020-10-06,10784.94940309411
2018-04-29,9249.65952508923
2016-07-01,677.70999999999992
2022-10-27,20774.247496426033
2022-03-15,39669.423812004505
2013-08-10,102.71
2022-12-04,16923.382870080331
2014-10-19,386.945
2016-12-25,894.33713316886212
2018-11-12,6434.2845969255495
2020-01-02,7193.7546679601
2016-06-25,666.0566978558096
2015-11-12,337.955
2022-08-27,20271.322951706014
2025-08-15,118258.49305555556
2025-06-22,101318.04861111111
2025-05-25,107644.36111111111
2015-01-19,214.545
2022-12-05,17149.931750962911
2019-11-01,9151.8245944597675
2017-05-28,2219.4875
2020-09-24,10223.784106392732
2014-10-28,351.56380000000013
2016-03-06,404.912
2023-04-10,28351.236993850111
2016-07-26,651.30999999999983
2016-04-01,416.754
2016-06-19,764.04599999999994
2021-12-02,57169.371993810557
2021-09-26,42856.855164224515
2015-05-31,229.6785
2017-12-06,13876.4735794148
2021-08-14,47717.27052766495
2014-12-29,312.63299999999992
2016-12-17,788.87749999999983
2020-01-14,8110.6479645037716
2014-04-06,460.7028
2023-01-13,18866.810330617045
2017-12-24,14451.1145466743
2015-05-20,234.048
2014-06-11,630.0367
2018-11-20,4889.1978592391106
2017-01-18,873.9349999999996
2013-09-28,133.93
2021-06-11,36903.304906778896
2019-08-21,10743.789313302059
2020-03-11,7906.7315285106324
2024-05-31,68372.492884340929
2019-12-15,7081.7402552657268
2015-09-29,237.2262
2020-06-03,9515.2438586557182
2015-08-13,263.65581861690379
2019-08-07,11510.164154730011
2018-08-01,7738.249304586212
2023-10-24,32953.262760830985
2015-11-09,380.64399999999989
2014-01-27,891.86
2025-01-19,104596.30555555556
2025-10-02,119342.68055555556
2025-02-03,96883.430555555489
2025-04-11,81990.965277777766
2025-03-08,86190.062500000058
2013-09-08,121.77
2021-07-10,33971.297749757956
2023-05-31,27713.908547529507
2019-10-04,8176.3546794065824
2017-03-27,1042.6050726198062
2024-11-13,88264.599745828949
2023-07-29,29314.097387098362
2014-11-19,376.7883
2014-09-13,476.0013
2019-04-08,5176.97788362072
2017-03-01,1227.4771489660905
2014-11-11,366.15
2016-03-20,411.88200000000012
2024-09-29,65934.107094413572
2021-09-15,47135.431995626939
2022-05-05,39699.024041253877
2020-07-24,9589.81771944117
2020-07-01,9149.7219967580168
2018-09-04,7260.897516647864
2021-07-13,33262.6543524462
2024-08-05,58006.206586686734
2021-05-04,57200.30029871162
2018-11-24,4376.9049468015519
2023-10-20,28715.748142407952
2017-07-22,2802.34788667742
2023-08-05,29087.938086007627
2016-04-10,421.133
2016-05-07,459.24799999999982
2016-02-17,416.84999999999991
2020-04-09,7342.2916011480238
2021-01-10,40296.5290038294
2013-09-05,129.96
2015-08-20,234.6379
2013-09-16,131.48
2015-09-11,240.00079564388659
2018-01-04,15976.365194174
2023-09-30,26917.199101637976
2014-01-22,865.03
2015-02-28,253.5991
2015-09-18,232.354
2017-04-11,1226.618
2015-10-28,303.6366
2016-09-18,608.79500000000019
2022-05-18,30502.19328027689
2022-01-21,40707.6824143097
2016-08-23,582.0038
2013-09-23,126.73
2018-04-27,9221.86802618436
2015-06-14,233.6681
2020-01-04,7300.34693530511
2025-05-17,103185.72222222222
2025-06-13,104839.27083333334
2025-09-19,116363.80555555558
2019-04-06,5014.9558268887649
2016-09-01,571.59
2022-12-29,16538.906094001977
2017-04-25,1263.045
2021-06-04,39151.316183800314
2018-02-16,10112.5801434467
2022-08-05,22678.363633874185
2023-10-04,27439.121946705116
2019-06-19,9094.0217460792173
2018-06-29,5879.98897440643
2018-06-03,7567.51293761927
2018-08-23,6336.6563271087025
2019-02-20,3915.0099712770552
2015-12-27,423.925
2022-05-06,36612.229548803036
2014-12-18,309.765
2023-11-13,37067.696982120076
2017-01-24,885.78879999999992
2014-01-15,860.44
2017-01-12,799.4275
2023-06-12,25916.579896379812
2022-10-10,19448.149001757611
2023-01-21,22705.83367889906
2018-07-03,6595.5473128085
2017-03-21,1112.701532272989
2017-08-20,4001.22863247285
2024-09-02,57357.71617282246
2013-08-15,111.87
2019-08-15,10016.217389275296
2023-03-26,27670.199498496833
2020-05-12,8604.75159101983
2019-08-29,9753.48704889705
2019-09-22,9997.1998878167778
2021-01-14,37456.007725486423
2014-05-11,436.2833
2019-02-24,4115.3379267876635
2016-02-21,438.64999999999992
2020-01-25,8432.0966757894184
2014-02-22,571.06
2016-06-18,756.79960125806269
2013-09-12,134.22
2013-07-07,68.0831
2025-06-21,103258.17361111111
2025-08-14,120464.86111111112
2025-06-01,104623.80555555555
2025-07-13,118257.50694444444
2025-06-08,105776.20833333334
2022-07-27,21235.612316085775
2016-04-04,419.437
2023-10-22,29920.074492651449
2020-12-27,26476.130137019492
2016-10-25,652.6338
2019-03-25,3993.3949004595488
2020-04-02,6640.7976663101308
2023-11-28,37250.169051481149
2018-10-23,6512.5890592989217
2021-10-21,66237.51755029388
2022-03-16,39331.846540594532
2021-12-26,50663.487102132152
2021-05-26,38210.805217593886
2019-05-21,7976.8517128996255
2023-05-08,28611.439197614574
2017-02-05,1016.9261585954309
2019-12-22,7141.5548570462588
2016-11-03,686.06129999999951
2017-12-11,17106.5051488871
2023-11-20,37413.994607905312
2022-01-01,46319.651088052509
2019-01-30,3413.3754832497975
2018-02-27,10355.5781264856
2022-02-21,38514.008536224552
2018-11-02,6379.9729721684289
2013-05-29,132.13
2024-09-06,56132.404732088595
2016-09-09,621.91249999999991
2015-10-16,262.3735
2018-09-20,6383.7538411583819
2013-05-06,118.33
2013-12-15,854.62
2019-05-19,7300.6551583412274
2014-06-23,586.14829999999984
2018-07-08,6759.83608914527
2016-06-23,623.2062563646158
2014-07-24,599.8088
2021-03-13,57353.861471972479
2013-09-02,137.17
2015-08-16,257.81580000000008
2018-12-12,3378.8087784131062
2025-01-10,94220.666666666642
2025-10-16,110225.48837209301
2016-12-26,902.6063
2021-07-14,32676.383800960179
2013-07-20,91.572
2014-01-04,849.14
2020-10-17,11319.097785677623
2017-08-10,3367.90538708821
2021-12-06,49268.469890539382
2023-03-22,28264.239610522349
2017-07-03,2576.7146569746
2020-08-04,11230.907762749297
2014-05-15,444.25
2019-01-11,3623.8477291056797
2022-01-13,43981.877327174137
2020-10-05,10670.700811335208
2022-08-01,23379.700525090819
2024-10-16,66962.219944967932
2019-10-17,8010.3021797941665
2020-09-14,10328.866065987393
2021-11-25,57198.183846295287
2017-06-21,2717.00310788798
2013-05-31,127.98
2018-11-17,5609.9561823342037
2015-06-19,242.9967
2017-12-22,14084.8249267767
2020-03-18,5389.41577503409
2023-08-07,29044.204375577556
2017-07-01,2439.82055973389
2022-06-07,31372.5847629755
2015-10-23,277.38839999999988
2015-05-23,239.0329940983288
2022-08-16,24179.014652309197
2023-09-03,25853.656842777571
2013-08-04,104.86
2025-08-03,113778.36805555558
2025-01-31,104026.97202797205
2025-03-06,90546.124999999985
2025-05-01,95844.534722222219
2017-11-15,7297.66883633256
2020-01-22,8724.8186229314742
2023-07-19,29848.032272505279
2013-08-28,123.02
2017-11-22,8257.12389528835
2021-08-09,43753.217862646314
2023-09-01,25927.417005779287
2019-04-12,5047.79316241402
2017-07-21,2658.07491237597
2024-10-23,67351.047935124981
2024-02-28,57003.526737308108
2020-11-30,18169.954209782849
2021-03-05,48727.451200801152
2017-01-10,905.75946269843394
2023-05-25,26338.948946998687
2019-01-04,3776.5258076941059
2021-02-01,33064.786767015074
2013-09-13,135.05
2017-11-11,6365.39785208573
2021-06-02,36680.068201802831
2020-07-22,9384.3797519032669
2013-06-08,110.09
2023-05-04,28988.320996249273
2014-08-27,510.4463
2019-03-12,3860.3592300287123
2017-04-02,1098.0679999999998
2021-10-22,62541.086932935177
2023-12-30,42074.70715618848
2019-04-15,5149.3144927981266
2016-02-27,432.13900000000012
2020-12-16,19432.362456862407
2014-07-31,583.18210574318994
2016-07-14,659.57600000000025
2021-11-07,61661.358663720363
2024-01-30,43267.609276387673
2023-09-11,25834.580098562914
2014-10-05,325.1099999999999
2015-12-20,441.12899999999991
2015-04-29,225.9978
2022-08-14,24433.653747243658
2021-01-16,36787.52121668496
2025-01-28,102370.02083333334
2019-02-16,3601.2291913968643
2015-04-08,244.2709
2023-03-13,22095.713398335691
2016-12-03,764.83382332391534
2024-04-09,71624.184862369963
2018-12-02,4189.5738229998587
2021-01-07,36933.520137309126
2014-12-15,344.615
2017-03-16,1217.3145410078776
2022-11-01,20494.601209837088
2024-04-07,69000.6499164776
2023-09-27,26204.757590835969
2015-07-18,274.48389999999989
2021-10-04,48282.971138574467
2018-09-12,6278.9170696285591
2018-12-31,3809.7282286410905
2018-09-13,6330.5742380226638
2018-03-08,9999.68248604677
2023-02-25,23172.286538018925
2017-01-31,968.26629999999989
2020-02-17,9943.6736025787432
2017-11-06,7103.04608116249
2024-02-14,49732.145369553509
2015-04-14,217.9995
2024-11-17,90606.45489380708
2013-06-10,99.7497
2016-08-18,572.2684198487193
2017-02-27,1193.1295150369579
2014-08-30,501.53000000000009
2014-04-11,420.0563
2013-07-17,98.9796
2023-12-08,43270.119559707469
2023-06-30,30466.610456893526
2019-10-01,8271.290855465355
2024-10-05,62103.010472832531
2013-09-04,135.21
2021-03-22,57573.539344778685
2024-11-05,67793.297827047616
2018-11-04,6388.1897883073725
2025-05-23,109942.5972222222
2025-10-17,106514.92622950819
2025-02-06,97510.71527777781
2025-02-10,97211.993055555547
2017-07-13,2364.32126576467
2024-03-06,64291.536557569496
2013-09-17,131.31
2019-05-04,5731.493099606555
2022-07-26,21330.295450788173
2017-03-05,1276.2330000000002
2021-07-30,39977.756939227642
2019-12-12,7197.4268258808343
2021-06-29,34556.8421269449
2018-04-14,7845.75284010594
2014-11-21,349.38828543239453
2020-06-12,9325.9968562026352
2016-10-23,649.62630000000024
2021-01-06,34082.206049044238
2019-07-19,10636.155728360647
2015-04-26,218.5065
2013-06-28,99.66
2015-06-27,250.621
2017-03-09,1191.2367224851023
2024-01-07,43956.12071720152
2020-07-11,9282.913638839902
2024-03-13,71467.173503260623
2023-10-29,34092.630932838576
2019-07-10,12544.167261709219
2022-01-12,42777.211020482355
2015-11-28,356.212
2016-04-20,441.916
2014-06-16,592.52
2024-04-20,63988.818471785664
2014-03-12,638.07
2022-02-09,44184.447511676175
2018-01-14,14476.5889713691
2014-05-10,452.505
2023-03-05,22348.329915388149
2024-10-25,68214.052051574021
2013-10-11,130.27
2022-08-02,23333.749243312184
2015-03-23,266.0272
2023-01-04,16677.646185850346
2020-09-07,10260.0177277544
2021-03-16,55805.329249234259
2018-09-21,6491.8852422768832
2021-04-05,58228.802623466196
2018-04-19,8097.41823310301
2015-02-08,222.9061
2025-07-02,107739.20138888889
2025-10-13,115099.4722222222
2015-04-10,234.5253
2017-07-25,2563.74789523364
2019-10-09,8180.69113018462
2023-02-27,23541.115854493557
2013-06-27,103.39
2017-09-03,4632.46233076675
2013-10-13,135.48
2024-04-29,63030.433616681854
2023-10-28,33899.093056440317
2023-08-26,26044.036209289134
2024-12-19,100296.57974074173
2015-06-03,225.4831
2013-05-30,127.401
2014-08-02,588.23069916114116
2020-04-12,6878.7812125898527
2013-08-11,103.77
2014-09-27,398.00749999999988
2015-05-10,239.5548
2021-01-31,34199.519810363017
2020-02-13,10328.897565836414
2019-08-11,11327.842642233223
2019-03-01,3815.6076075249844
2013-11-19,614.4
2021-05-23,37520.317675474384
2020-05-27,8839.1306632732467
2018-11-15,5788.6124940469736
2022-08-28,20069.953331596196
2018-06-23,6088.57944239075
2020-06-20,9312.7801044977859
2016-08-09,585.30249999999978
2023-10-23,30019.38050086351
2015-09-28,239.2765
2014-08-04,586.36868591139671
2013-09-27,131.84
2013-05-07,106.4
2025-09-04,110680.68749999997
2016-07-27,655.618263277738
2021-04-01,58817.3738884188
2015-03-12,293.9203
2016-05-13,456.00700000000012
2017-01-05,990.66749999999968
2015-11-29,371.48800000000011
2018-01-26,11044.9072365744
2017-02-16,1034.9038000000003
2018-07-01,6366.49946751097
2013-11-25,793.07
2015-02-20,244.0821
2014-08-31,480.02629999999988
2019-09-05,10573.515179027892
2018-01-28,11665.6969300847
2019-06-30,11972.555667220913
2022-10-01,19476.926596004068
2013-11-30,1127.45
2016-10-02,610.35880000000009
2016-02-09,373.909
2023-09-26,26298.634678281232
2015-07-22,276.17560000000009
2017-12-26,16616.6820570844
2015-11-07,387.05999999999989
2024-08-07,55959.841073993572
2019-11-30,7720.8650112608366
2023-01-01,16540.693624776803
2021-05-27,39406.934244116186
2022-06-24,21100.270533511088
2016-04-16,430.941
2015-07-30,286.8366
2024-08-29,59015.296338879438
2018-09-11,6308.1354746166289
2017-10-05,4290.38040438142
2024-06-22,64071.624284709695
2015-05-12,241.51890000000009
2021-02-15,48607.8745224845
2025-02-23,96072.9236111111
2025-06-02,104814.47222222222
2025-06-14,105136.30555555555
2025-10-21,109773.15277777777
2024-12-21,97668.886123980512
2024-12-11,97757.18015052432
2017-09-14,3100.66815470405
2015-05-13,235.4793
2021-01-08,39547.084081355672
2022-08-18,23359.418837070007
2019-04-02,4146.3219277066364
2015-02-03,226.0119
2013-12-19,677.84
2016-08-01,605.7469999999995
2016-08-27,568.57500000000016
2015-06-02,225.7387
2018-01-06,18343.6624934071
2020-02-18,9723.6050264224959
2022-01-03,47387.212167697246
2016-01-04,433.53399999999988
2018-04-26,8825.2025000693
2022-04-15,39959.457069033735
2023-11-19,36582.368441922743
2015-05-25,237.441
2013-11-16,437.41
2024-01-28,42119.610494643093
2015-08-19,225.9602
2014-04-20,497.3177
2016-12-24,891.6813
2013-05-23,125.748
2023-06-05,27315.447587487684
2015-09-21,226.4528
2020-11-11,15278.70965979927
2016-07-15,665.68699150318878
2024-10-20,68388.871289652743
2023-06-15,25107.754695880594
2016-02-20,441.11999999999978
2018-04-10,6778.4915700774
2017-06-18,2577.21936114026
2023-11-23,37464.832932209072
2022-11-21,16304.076855623551
2015-10-01,237.7358
2018-04-07,6628.75445585626
2024-01-19,41261.394798010122
2018-06-06,7569.01133988542
2023-09-04,25959.596311463454
2024-11-01,70264.99735573279
2016-05-27,473.86400000000009
2013-09-03,137.51
2017-11-09,7186.29277509382
2017-02-04,1033.63
2024-10-04,60727.863951692962
2024-06-13,68224.51967501991
2024-02-12,48189.881793039873
2017-04-23,1247.8388
2017-08-26,4123.51337132546
2017-10-26,5883.05318447111
2018-02-22,9973.59211951887
2019-07-13,11804.562793905448
2025-08-21,113273.34027777778
2019-01-06,3787.3078571242845
2023-02-15,22220.070997481067
2024-09-16,59214.802268018058
2013-06-05,121.309
2019-12-14,7247.3502770109153
2016-09-23,601.8925
2019-07-02,10639.046292232071
2016-04-22,447.488
2017-05-29,2286.2663
2019-10-14,8289.4972366188958
2020-04-30,8744.4302870165611
2020-01-17,8720.91950137424
2018-08-10,6531.2497867370557
2014-02-16,613.85
2013-06-02,121.3
2017-07-12,2387.32891171674
2024-08-23,60387.540623213623
2017-01-25,893.47379999999987
2021-09-24,44980.898214810935
2014-01-05,919.41
2015-04-13,223.9464
2022-03-09,38732.937013025861
2021-04-14,63576.676041048275
2024-11-03,69299.160366994125
2013-09-07,123.73
2019-01-26,3564.8224171114221
2017-11-16,7814.9444036566
2022-03-05,39200.299735574139
2021-05-01,57828.511814425874
2022-01-14,42608.410011950189
2014-02-03,813.38
2023-05-29,28110.313467609285
2023-12-23,44003.6960216438
2016-04-27,444.789
2015-07-28,293.9933
2013-12-13,897.27
2024-01-31,42892.034530144469
2021-03-02,49787.33995949672
2015-11-20,321.417
2023-10-21,29677.392888476206
2023-11-02,35457.454912105532
2017-03-28,1044.7219999999998
2018-01-05,18336.9229801691
2024-08-15,58739.193822310153
2023-05-21,27093.791101497351
2023-07-09,30264.19734525722
2022-02-26,39316.162075785956
2023-08-13,29412.142274584105
2014-05-22,522.6083
2024-05-10,63148.599943097026
2023-12-18,41410.819634575855
2016-07-19,674.55738898070149
2024-02-10,47143.242991071122
2025-08-28,112502.07638888886
2024-12-09,99876.769184599136
2013-06-03,121.16
2021-08-02,39914.829758487889
2016-06-20,734.1617358035669
2019-05-10,6168.2689963982584
2014-12-08,361.433
2018-08-29,7075.9834051051
2020-07-26,9691.8251389171473
2022-05-12,28913.48836365432
2017-10-10,4769.47734676417
2019-03-23,3989.1584912154526
2020-12-12,18058.027339569555
2014-11-23,366.7817
2014-04-21,492.6733
2015-10-13,249.4051
2015-09-10,238.7763
2017-01-06,894.0325
2016-12-08,768.67499999999984
2019-09-15,10349.551958231765
2018-06-20,6708.68182027534
2024-05-12,60776.972079172134
2021-12-28,50774.067814743
2016-08-29,572.51022836170876
2016-04-12,426.181
2014-08-29,508.0963
2016-12-23,917.0988
2013-05-16,115.5
2015-10-26,285.5159
2015-07-31,283.67605914802169
2024-11-25,98015.9355289458
2014-04-17,494.4
2024-07-05,57189.174124086363
2013-11-24,764.43
2017-01-11,784.27750000000026
2020-09-10,10230.154699360752
2020-06-04,9645.2278693603075
2015-09-20,230.6597
2018-05-21,8443.26024591542
2018-10-17,6635.1256675168388
2015-01-18,208.9892
2024-04-08,69401.973609110079
2025-05-08,100005.5
2025-07-08,108497.88194444444
2021-01-22,30913.695736053804
2018-08-08,6711.73242235858
2019-06-06,7812.44885473215
2021-02-28,46653.526399395807
2018-12-28,3587.7038801388189
2019-08-13,11381.241355678554
2013-10-09,130.9
2015-11-04,404.3588
2022-03-17,41165.635061403409
2017-08-07,3356.70973808691
2020-11-01,13778.637638352931
2014-08-15,492.28449828282947
2022-12-10,17149.824203925327
2017-07-09,2519.21739188349
2022-02-18,40562.986949828191
2024-02-01,42583.263546634167
2020-02-27,8801.6571294725036
2016-08-06,587.63499999999988
2023-09-15,26531.395566263262
2021-03-21,58376.158471372059
2022-08-07,22984.579531448551
2022-10-21,19031.159871959469
2015-01-09,289.57380000000012
2021-07-15,32878.501873571469
2016-07-07,638.62000000000012
2019-12-09,7508.3156691391077
2024-05-29,68316.635880496309
2018-03-25,8621.15079225785
2015-06-16,250.4743
2013-12-25,668.74
2023-11-29,37802.236043774727
2018-04-03,7080.41723231299
2019-06-12,7897.9754765983644
2020-10-22,12806.435726727443
2025-03-12,82544.694444444467
2025-02-15,97593.166666666657
2025-07-21,118122.95138888888
2025-09-27,109468.93055555555
2025-06-18,104743.11805555556
2018-09-07,6498.2796126096555
2019-09-24,9699.5049380959572
2018-12-17,3217.0468349697426
2016-08-19,573.49199067943448
2018-06-08,7613.77739337755
2024-11-02,69507.922563956468
2024-11-18,89841.471941351047
2015-09-03,226.5658
2017-12-20,17059.8883502646
2023-06-13,25910.362742919464
2018-04-24,8881.39170434545
2019-08-30,9485.1414237807548
2017-11-04,7390.53522652395
2016-08-30,576.08
2024-05-24,67906.465342761061
2022-03-08,38076.493822520279
2018-01-13,15193.3148979847
2024-05-27,68508.831108756989
2014-10-15,392.19000000000011
2017-08-12,3800.14062506336
2019-10-18,8079.9314594797443
2014-08-25,500.3863
2017-10-31,6368.65164135745
2017-09-26,3852.93520487706
2024-06-07,70759.588193014322
2024-07-29,68242.2474440493
2023-08-24,26450.008624613529
2015-11-27,359.011
2015-02-18,234.6238
2021-05-30,34775.079413472813
2024-11-20,92251.652407383124
2014-08-18,459.88630000000012
2023-08-18,26501.587269919739
2014-03-20,592.07
2016-07-08,665.744506272113
2024-05-16,66220.518314328263
2014-04-15,520.1233
2023-07-20,29919.87483825516
2018-06-17,6478.81592433021
2015-04-28,225.64229999999989
2017-07-30,2740.32359181287
2018-09-29,6634.7659645729054
2018-03-31,6897.26857786945
2024-03-16,69497.7631929463
2024-06-17,66615.537821317659
2020-02-05,9179.95928107711
2020-02-21,9608.16918128246
2019-09-30,8064.3809833852674
2025-01-25,104694.51388888893
2014-05-29,565.26
2023-02-11,21630.132979576298
2018-06-22,6690.832151608
2020-02-11,9890.1212240199675
2023-09-23,26572.0381115526
2013-11-04,226.28
2023-06-23,29935.632106749556
2015-06-17,247.69440000000009
2016-07-04,678.70057167946413
2024-10-24,66683.968065423061
2015-02-06,222.4872
2023-01-26,23180.422697874263
2017-03-03,1289.5406116191473
2023-08-08,29178.147751873083
2013-05-25,130.77
2017-08-29,4394.06343624723
2015-05-26,237.4971
2024-11-09,76550.0213845611
2016-05-06,461.62000000000012
2018-05-23,8009.2995067828
2017-12-16,19665.3949272416
2014-02-28,567.2
2020-08-31,11701.004008657852
2022-02-19,40073.495362369824
2020-07-29,10904.916526918994
2022-01-18,42298.341116872325
2020-01-27,8595.7282984931153
2023-03-04,22367.433022469671
2024-02-11,47768.995251247936
2020-03-27,6765.56207892991
2024-03-02,62426.640529191864
2022-12-11,17125.364927688952
2024-08-18,59430.791634458648
2014-04-22,484.8533
2016-07-10,650.32100000000025
2018-01-16,11723.9135206658
2024-01-21,41626.107110036639
2016-06-04,573.52599999999984
2018-11-28,3832.92451590069
2017-06-01,2436.0363
2023-01-30,23797.460894881242
2022-03-27,44510.844217621328
2015-04-07,253.2085
2020-05-21,9526.50759300584
2016-05-26,453.73199999999997
2021-10-17,61165.635642115209
2020-02-10,10148.379719131783
2020-06-21,9360.2479682016874
2016-04-29,456.56600000000009
2014-07-28,585.27879999999982
2023-02-21,24786.665940845705
2024-08-19,58438.293742685404
2018-01-22,10991.5950130802
2023-03-12,20521.556151751171
2025-08-01,114850.21527777778
2025-01-23,103231.01388888888
2025-06-03,105736.7777777778
2025-07-28,118659.1875
2025-03-29,83131.645833333343
2014-08-28,506.91500000000008
2020-05-17,9375.29710843331
2019-07-18,9657.3031013190739
2018-01-25,11225.2544568853
2016-10-11,640.7
2023-12-03,39481.666416062864
2024-04-01,71246.95144060145
2018-01-23,10894.0009053405
2020-02-28,8781.1752822023591
2014-12-27,314.568
2020-09-19,10927.150310293275
2017-04-12,1218.299
2016-05-09,461.74700000000007
2016-11-21,736.50499999999977
2016-07-18,674.7874378266207
2016-05-11,452.179
2016-10-26,673.41750000000013
2015-03-11,295.961
2023-10-06,27435.874615135104
2023-03-02,23634.333489123786
2016-01-03,430.198
2017-12-30,13620.3618741461
2014-08-10,588.50048255417562
2024-05-23,69181.200856777621
2016-06-07,577.9106942699359
2017-11-24,8278.12843633886
2022-05-04,37758.496107734
2019-02-12,3631.4445397299492
2017-02-18,1058.5809306486606
2021-10-07,55415.005742028952
2023-07-03,30571.887072871446
2017-05-04,1499.36
2020-07-05,9132.9083695334921
2023-07-27,29363.672907978616
2013-08-30,129.2
2021-03-19,57922.409592629112
2021-09-01,47335.420299205653
2014-11-25,375.248
2013-10-29,204.39
2020-01-21,8631.2539543337625
2015-10-04,238.6566
2015-08-08,259.80072838546948
2019-03-18,3980.9901047320204
2016-08-21,580.58702713717344
2022-06-21,20636.758912406371
2024-10-15,66049.994927080217
2016-12-18,788.4413000000003
2018-12-29,3854.4210969825917
2025-06-23,102072.34027777778
2025-04-16,83988.750000000015
2025-02-14,97099.152777777781
2024-12-24,95223.208899543824
2014-02-19,620.99
2021-06-30,35968.993667970346
2018-02-09,8208.57208449673
2013-09-30,131.65
2018-09-10,6260.7648060624761
2013-07-10,77
2013-05-10,118.78
2017-12-27,16373.0810795739
2020-07-12,9234.3146747126266
2022-05-07,36116.394294982965
2016-12-19,790.11629999999957
2019-05-08,5841.0537712737514
2014-02-05,830.92
2016-07-17,678.39055824595448
2021-09-30,41587.667862322953
2016-08-08,590.7125
2021-01-05,31515.575966658354
2023-03-09,21712.65119391273
2018-12-01,4009.6895798259993
2023-08-21,26160.700419818215
2023-12-09,44202.176109436208
2024-01-25,40123.671058471467
2019-08-10,11852.561606995518
2016-07-03,664.74510034339323
2022-10-06,20161.830614985047
2015-09-27,232.83469999999991
2014-10-26,350.18880000000013
2024-03-04,63053.105439064209
2017-04-26,1287.32
2017-04-04,1140.4975903801683
2017-05-24,2448.1313
2017-03-13,1243.2649223901926
2023-10-27,34174.451552912586
2021-09-22,40386.623635289281
2015-09-08,243.5587
2023-08-01,29233.136365580438
2015-11-30,378.265
2016-03-28,422.756
2020-10-24,12928.072296348406
2020-04-22,6842.0385976346024
2020-12-10,18564.986455688137
2013-11-29,1101.83
2017-12-28,15067.8994980567
2023-08-20,26104.778630797897
2025-06-28,107296.15277777778
2025-07-07,108606.06944444444
2014-08-23,496.56880000000012
2016-01-28,379.55199999999991
2021-08-05,39751.584575098619
2015-08-15,260.47623228976431
2014-06-20,590.055
2014-07-23,617.94250000000011
2014-02-17,645.14
2021-03-25,52526.866597046574
2024-03-11,69075.666881957441
2016-04-23,451.818
2021-08-06,40825.381940449704
2017-04-03,1139.3082754455547
2014-11-13,414.7083
2017-10-19,5696.38014134367
2014-01-23,846.97
2023-08-28,26082.717178218525
2024-02-22,51842.756766256418
2018-05-12,8405.5605632418
2015-03-14,281.4887
2022-07-18,20824.362751651639
2017-08-21,3935.22993283277
2021-06-24,33702.617793713958
2021-05-15,49913.263143988217
2023-08-16,29170.490397060614
2016-10-30,697.27736245605774
2023-07-06,30484.793774423521
2017-08-25,4199.89203158457
2024-02-06,42648.456921135439
2020-11-10,15335.342198178862
2015-01-14,172.1479
2013-05-09,113
2023-10-25,33846.724257332236
2022-11-27,16456.156062496684
2023-06-16,25564.599632887144
2024-01-22,41541.899457062609
2022-08-15,24312.541424891562
2020-10-04,10546.656255379819
2022-03-20,42201.939920688186
2015-06-20,245.4754
2022-09-15,20255.922978327133
2023-09-13,25866.806663158084
2024-08-09,61859.031599041613
2013-05-03,91.01
2020-12-20,23863.854841719691
2013-12-20,694.25
2025-08-02,113313.99999999999
2025-01-26,104811.45833333336
2017-11-30,10406.18772373
2018-04-09,6984.8089659738
2017-07-17,2181.28608069932
2014-04-16,529.1625
2020-12-26,24671.107714415415
2014-04-23,487.525
2019-09-17,10268.421696882157
2018-08-12,6205.2184799448542
2020-03-25,6730.1737823711883
2024-11-04,68803.506262774667
2018-06-10,7415.00137858946
2021-08-16,47025.003230112823
2021-11-26,58897.846982997937
2017-12-29,15096.5594360709
2015-06-21,243.9959
2020-08-22,11515.124298729217
2023-10-07,27958.196437350485
2014-08-21,515.605
2021-12-27,50852.860259540656
2016-03-07,413.74
2019-05-15,7990.0555535343556
2015-08-28,231.6583
2023-09-21,27115.846446970816
2017-08-09,3330.89782529283
2022-12-25,16848.568708323422
2022-08-09,23823.679442453606
2015-10-10,245.3209
2015-11-10,336.87299999999988
2023-08-06,29046.800457023197
2013-06-25,102.443
2021-04-30,53596.704022666752
2013-06-07,119
2013-10-05,129.57
2016-06-14,685.932131564762
2013-06-06,121.714
2016-02-28,432.79700000000008
2017-05-30,2167.6438
2013-07-28,94.005
2020-04-10,7294.488875121554
2017-03-31,1078.2747110906089
2017-11-20,8220.50996617654
2023-01-11,17436.902329781158
2019-02-10,3667.4082642899566
2014-04-12,420.66
2020-08-24,11647.928120934363
2023-05-27,26717.987553571777
2016-08-12,586.52999999999986
2020-10-20,11752.146863919786
2022-08-20,20945.8339660496
2013-08-18,114.4
2019-11-18,8508.4994340517642
2021-09-11,44802.606402496989
2024-05-28,69367.238717557251
2018-08-27,6728.2880026290095
2015-03-28,252.0497
2015-08-26,225.2666000000001
2015-06-23,243.8486
2019-12-02,7405.8084787524767
2021-07-20,30928.211908849244
2017-10-07,4405.0162007055
2021-05-25,38642.4422973396
2017-08-05,3237.07069450803
2024-11-26,93004.700931032872
2019-05-01,5292.8039745620536
2017-09-02,4556.5977768913
2022-10-26,20095.152230674925
2023-03-10,20376.320007428807
2016-04-19,436.37
2015-07-01,257.5058
2015-06-26,242.4819
2022-05-17,29923.606993639707
2023-06-27,30285.505064070741
2019-12-05,7209.971417454778
2017-06-27,2531.34899878484
2013-04-30,135.3
2018-06-26,6241.84871170546
2018-09-08,6397.81887024023
2021-04-07,58062.178724336489
2022-08-06,23225.036201942938
2015-02-17,242.4568
2025-06-30,107790.85416666666
2025-05-04,95620.909722222234
2025-03-17,83549.8125
2024-12-22,96719.797900904843
2013-10-18,151.34
2013-05-18,123.88
2015-05-06,229.8152
2022-02-05,41673.8395543094
2020-07-06,9087.4073125821633
2021-08-11,45639.514018907088
2017-01-19,896.89
2024-09-11,57624.161783361436
2021-07-02,33677.566235922626
2016-08-15,567.73428365943494
2018-12-04,3878.8392347832714
2016-03-19,406.73899999999992
2017-04-21,1254.9875
2020-04-27,7683.8674150833422
2021-03-10,54700.273439277444
2013-12-26,734.59
2015-09-24,233.9255
2024-08-03,61407.29547397454
2023-11-03,34924.05545044328
2023-02-01,23137.323554088376
2016-12-14,775.89130000000023
2015-01-15,210.5559
2021-05-19,43091.041447569223
2017-07-31,2871.3680152452
2017-01-03,1035.5313
2020-08-26,11350.753473213
2014-11-16,387.6233
2015-06-28,248.3451
2019-11-22,7632.494765498649
2016-11-10,713.21414333534381
2024-06-06,71184.599430591988
2022-10-20,19134.242664465204
2015-08-25,221.3282999999999
2021-05-21,40437.730096255582
2024-07-15,60942.32773996293
2020-09-05,10484.470392265588
2019-08-16,10295.87714290961
2016-04-13,424.26900000000006
2023-03-31,28041.123080088284
2022-07-16,20794.811981436706
2019-08-19,10309.872435928555
2018-12-11,3433.8084404312785
2021-05-03,56600.745287384321
2019-12-31,7240.4289122518185
2016-11-16,740.89935486791683
2025-09-22,113212.54166666667
2025-05-10,103441.0625
2025-03-15,84250.97222222219
2025-09-28,109923.84722222222
2014-07-16,614.1474999999997
2014-11-27,368.448
2014-03-15,638.07
2017-12-19,18174.1867596316
2018-03-26,8478.63819558905
2023-04-26,28351.218248373007
2014-05-16,445.165
2020-08-19,11949.610970628193
2013-09-15,129.95
2018-08-09,6259.5277096675954
2017-09-07,4584.82027519271
2018-06-14,6334.09890642618
2024-07-06,56739.862851072037
2024-02-29,62558.582024193107
2014-06-07,651.7083
2022-08-10,23203.680696781623
2021-12-19,46970.057050727024
2022-12-27,16900.081871938084
2014-03-26,584.442
2018-08-28,6911.0960289495724
2020-07-25,9535.93879573746
2022-02-16,44574.320570998163
2024-02-13,50050.136094563968
2016-03-05,397.2410000000001
2016-05-16,454.893
2013-06-15,98.399
2022-10-14,19383.9432200889
2022-11-30,16441.979978419113
2018-09-16,6530.221146234664
2022-05-31,31740.940725166951
2022-02-14,42247.835953267713
2021-05-09,58771.881689509355
2024-06-23,64239.90348813148
2019-08-08,11970.657556451994
2019-01-16,3567.8012431992061
2015-03-30,246.5418
2022-11-10,15742.444335961438
2015-05-24,241.24170000000009
2018-02-17,10155.2770555258
2024-04-17,63720.501587480736
2016-08-05,576.03380000000016
2015-06-15,237.2013
2025-04-27,94166.520833333343
2025-01-08,95472.979310344861
2025-02-26,87263.284722222175
2023-01-27,23024.746180817088
2016-01-25,392.32600000000008
2019-01-23,3571.2669080928695
2020-02-01,9308.0602855647776
2019-02-07,3405.8368612567192
2017-04-14,1183.687
2020-03-01,8552.9891185816359
2015-11-05,387.473
2017-09-15,3587.9431219159
2020-09-16,10787.580208076241
2015-01-24,248.096
2022-05-24,29163.167775739188
2015-10-05,240.3238
2020-07-16,9203.3714351796989
2013-10-01,132.55
2020-11-27,17138.029512395206
2023-04-01,28516.784729688636
2018-05-10,9248.96039558449
2022-07-05,20257.012328592882
2023-08-22,26119.005958595222
2016-07-02,693.04700000000014
2016-01-14,429.24299999999988
2023-03-01,23155.543746825795
2014-12-21,319.501
2019-04-29,5257.8032492325028
2017-08-13,4023.25452207874
2022-02-01,38555.534461211573
2016-02-05,385.73300000000012
2013-07-06,67.809
2017-11-25,8743.1593779107
2015-01-01,313.99200000000008
2020-03-07,9135.84506603321
2022-12-02,16972.73406077455
2022-05-02,38537.654766695348
2021-09-02,48823.055209649152
2023-09-10,25889.3250094629
2014-11-07,341.2317
2018-07-16,6349.6958367107727
2013-07-27,94.13
2025-04-28,94356.416666666686
2025-08-22,114369
2025-05-03,96334.770833333328
2025-06-24,105436.65277777778
2020-06-02,10167.93069332851
2024-06-08,69325.362388472218
2015-09-12,234.9098
2023-08-27,26002.015717319366
2021-02-24,48691.894831704405
2013-09-26,128.02
2015-01-23,232.898
2022-11-29,16222.210728731225
2015-09-04,230.0509
2024-06-26,61770.413870095355
2017-06-28,2575.43777025493
2019-05-24,7861.8127924654473
2017-06-07,2716.0588
2022-04-11,42274.907370256085
2014-10-12,374.16750000000008
2017-07-06,2612.67042830497
2021-09-06,51696.206431317885
2016-01-05,432.115
2021-10-11,54711.869596642973
2019-02-26,3824.6835042171019
2020-07-31,11116.307163685275
2017-10-17,5643.85907705172
2023-09-02,25812.33049442542
2021-11-16,63933.835442599324
2023-09-14,26223.436075660946
2014-06-29,598.4883
2019-06-13,8145.05909812096
2021-11-02,61121.83120106507
2022-08-13,24411.379871522615
2022-09-04,19814.5642451146
2017-06-09,2817.0638
2014-01-21,869.57
2018-01-21,11703.5048628599
2025-03-18,82546.187500000015
2025-06-10,109461.93006993008
2025-09-18,117291.75694444444
2025-01-18,103764.99305555556
2025-06-07,105226.90277777778
2025-03-16,83594.013888888891
2025-02-11,97189.562500000029
2016-02-15,399.379
2024-02-18,51684.517492645253
2019-09-29,8225.11037185192
2018-05-30,7451.2308372653
2019-05-30,8650.6774059682921
2017-08-08,3410.45008044914
2021-08-19,45015.465546085426
2014-05-12,439.19
2017-01-26,915.3599999999999
2022-10-07,19949.051041418512
2020-04-19,7242.5109294929825
2017-12-25,14302.7537081839
2014-01-02,772.53
2022-01-31,37983.151499406464
2022-03-02,44459.591627743408
2013-11-28,979.08
2013-10-19,170.51
2020-03-03,8905.8761042621936
2015-07-03,255.161
2015-03-10,290.3057
2013-07-01,97.504
2013-08-14,111.621
2021-03-14,61315.197932766816
2019-09-19,10158.854517376085
2013-06-01,129.09
2019-02-05,3464.0035088610871
2023-01-07,16960.232062475148
2016-08-22,585.21750000000009
2024-08-08,55099.951811467348
2018-02-20,11103.0900361497
2022-09-01,20023.554444912508
2020-02-29,8717.3314313594237
2015-11-03,398.2369
2013-05-05,116.79
2016-05-29,524.624
2016-07-30,654.54898030553977
2016-07-20,670.89347405999308
2017-02-26,1180.6730000000002
2024-01-23,39504.730057584376
2014-01-07,826.5
2013-08-21,121.51
2025-09-16,115813.80555555555
2025-04-04,83353.819444444482
2024-05-08,62363.057191718624
2013-09-09,126.4
2022-04-19,40833.5379650337
2017-01-15,821.9124999999998
2021-06-06,35546.985964833642
2017-06-25,2606.8632352265
2022-03-06,39463.14681149058
2018-12-24,3941.6177401583259
2016-05-21,443.14699999999988
2016-03-27,425.349
2024-04-26,64486.183359158975
2018-08-30,7046.748947280631
2016-11-13,702.34631698086241
2020-01-20,8690.3805695446226
2024-10-22,67394.857757356178
2016-05-10,450.32599999999991
2024-05-07,63172.481295513411
2021-04-18,60273.866676947342
2015-02-10,220.6493
2017-12-21,16355.2382257401
2020-07-21,9163.1596545769153
2018-08-13,6318.4072217744242
2023-02-20,24284.478003714703
2014-04-13,414.9495
2013-08-02,101.61
2021-02-14,46941.292085823537
2013-09-10,127.78
2013-09-29,140.28
2014-11-29,374.96499999999992
2018-07-15,6246.13741162634
2024-02-25,51553.096712831146
2019-06-24,10846.125099647659
2020-04-01,6421.70541388854
2018-05-11,8969.94037574258
2013-10-20,172.01
2018-08-24,6521.065718268509
2022-03-14,37852.525141062892
2015-10-12,245.5661
2022-07-15,20574.84059150044
2023-10-17,28513.30993247735
2022-04-29,39741.766645809636
2018-09-14,6486.4616303936164
2020-11-20,17819.75743096837
2021-10-12,57572.510855596534
2016-06-12,671.71227849505294
2021-05-08,57361.569043288873
2017-04-17,1205.143
2022-04-16,40586.597309386729
2019-02-11,3675.6916291247258
2019-07-08,11436.430746923896
2024-05-11,60888.216749571569
2016-09-25,599.31129999999973
2022-03-28,46715.1176185105
2014-12-31,317.379
2024-11-28,95981.180572105644
2019-07-17,9538.8271242438677
2015-01-30,228.6354
2022-03-19,41837.413137975658
2025-01-02,96185.166666666672
2025-04-15,85023.652777777766
2024-12-07,99881.328531076913
2025-09-03,111527.16083916086
2025-10-15,111916.17361111111
2019-09-09,10404.333900445994
2022-12-24,16791.455439164911
2015-08-03,281.829870770124
2014-11-02,323.9849999999999
2020-01-26,8348.6656650793248
2020-11-09,15496.316149147417
2015-10-19,264.2094
2022-11-05,21150.315583912397
2015-05-08,243.657
2017-11-14,6652.21677956026
2024-04-25,64279.518128575241
2024-10-21,68962.829180456931
2021-11-03,63247.208961278309
2019-03-11,3923.5597888064322
2014-02-15,644.1
2021-12-03,56508.268054022708
2021-01-30,34150.818767372213
2024-03-31,69702.3087473573
2016-06-29,637.437
2018-07-26,8144.553482041877
2016-10-19,628.4375
2022-02-27,39090.202153609054
2014-08-13,543.6674999999999
2013-05-27,128.985
2014-09-15,473.0313
2016-10-21,629.71879999999953
2018-09-19,6347.0692554516081
2018-03-04,11356.0416016724
2024-06-16,66190.4874891135
2018-04-02,6836.57232729678
2013-06-20,107.9
2018-07-09,6700.63547905209
2014-09-30,387.35129999999992
2015-01-13,221.436
2023-09-17,26557.768691994646
2014-05-05,429.0761
2017-04-09,1187.6989999999998
2017-05-12,1700.7725
2017-02-06,1024.5110886063283
2016-04-05,422.651
2023-10-05,27792.1112772493
2014-05-09,447.4933
2020-05-20,9760.198937162193
2025-04-24,93008.222222222248
2025-07-04,108563.30555555555
2025-01-06,100159.47222222222
2020-10-12,11377.814876756858
2022-06-25,21262.713482956129
2016-02-25,423.142
2019-10-19,7957.3140939957984
2016-04-18,428.5059999999998
2022-07-09,21858.818749217564
2020-10-13,11543.183760771468
2016-06-08,583.1389999999999
2023-11-04,34731.381368967843
2019-08-06,11818.525531066103
2020-11-16,15984.673784156614
2014-01-12,867.45
2016-05-15,457.837
2014-12-17,318.828
2023-02-04,23451.577650774634
2016-12-22,859.36629999999991
2016-09-11,605.31541517908022
2018-05-16,8473.34864905366
2015-11-13,337.372
2016-09-07,614.32648859621952
2017-06-16,2513.81034764638
2019-03-09,3861.8793073961469
2020-03-26,6695.9006183977235
2022-07-28,22908.884260468687
2018-02-11,8574.67763849023
2020-06-05,9776.20299178848
2019-03-04,3806.9542737979564
2022-01-26,36988.928510667356
2019-03-30,4103.3228595139626
2024-01-04,42821.558989157995
2014-09-14,474.795
2022-12-21,16899.331969046758
2017-09-16,3606.27519721432
2022-11-20,16712.729525794817
2022-09-29,19444.787771362975
2014-11-28,376.951
2013-06-14,102.769
2022-12-18,16806.485592061519
2017-12-13,16525.0444892988
2021-09-19,48266.62707279063
2022-08-21,21175.232732989512
2021-05-17,46585.064135388457
2014-05-27,569.475
2016-11-26,732.73380000000009
2018-08-22,6467.2717303096751
2024-02-24,50841.081094770896
2021-03-11,56020.4877195857
2022-12-03,17084.87334047068
2021-11-15,65648.977791102428
2024-10-30,72781.113081581323
2022-10-12,19058.628039738272
2015-02-05,216.9136
2017-07-20,2766.82511908244
2023-03-15,24758.765085827567
2021-03-07,49019.368592365819
2019-03-28,4036.1609179207603
2016-03-01,431.371
2025-10-19,107837.70138888888
2025-10-08,122535.19444444442
2025-01-30,105093.04166666667
2025-09-13,115887.90277777778
2021-06-19,35881.111371375431
2017-07-29,2720.10226250836
2017-03-02,1262.0810000000001
2019-09-21,10178.442572698175
2016-01-26,392.45599999999979
2022-12-23,16824.790162441503
2014-01-08,838.32
2021-06-13,35666.149778773091
2018-12-20,3687.7505531927231
2019-04-25,5452.1017533944623
2018-12-26,3759.1784268965694
2024-06-28,61562.645325500358
2015-07-12,310.19156362775669
2020-01-28,8879.3355487145527
2015-04-20,224.3086
2022-09-07,18859.500087680277
2019-04-07,5041.8690758883095
2024-06-20,64907.074607603186
2019-11-06,9300.3739630470773
2018-08-11,6166.5904175017422
2017-06-04,2556.405
2016-03-22,416.36
2013-07-25,94.525
2018-02-21,11502.3770496396
2022-01-28,37276.839558174994
2020-02-08,9799.4484558246841
2019-04-13,5082.46515242293
2021-01-21,35587.489202735545
2024-01-16,42587.336038354406
2014-10-06,328.73
2024-07-23,67607.713399188739
2017-10-18,5592.78222421231
2024-02-15,51790.169297526423
2015-04-23,235.1735
2020-11-14,16326.814875079081
2017-02-01,986.57289034543533
2016-10-08,616.5338
2019-06-16,8818.6095069322964
2024-01-12,46314.355541602694
2015-03-01,257.7075
2025-07-26,117803.21527777778
2025-07-23,118496.95833333336
2025-05-20,105733.95833333334
2018-01-09,15604.7234082405
2023-02-03,23539.676770196525
2014-03-10,621.17
2019-06-07,7821.1238970948589
2019-10-07,7890.2343498646578
2014-11-26,365.76600000000008
2021-09-29,41010.375198365487
2014-12-25,318.166
2013-08-24,120.44
2013-08-19,118.782
2016-12-05,752.23999999999967
2024-07-28,68055.408389687378
2021-02-18,52143.6788446198
2018-01-07,17039.8739138488
2018-10-31,6331.781807909807
2022-01-06,43647.147508068054
2023-05-22,26773.830243664779
2023-02-05,23340.349585539341
2015-08-01,280.7014
2014-01-13,840.96
2021-12-20,46807.048616426269
2013-11-02,206.89
2015-08-31,230.0781
2023-04-06,28197.200341245549
2017-11-07,7166.74137167631
2015-07-07,265.38445196148751
2016-03-23,418.076
2018-04-23,8769.01199947348
2013-11-08,332.02
2014-10-07,331.7238
2018-12-07,3466.7638637717318
2015-02-02,240.0193
2022-07-11,20859.81407965063
2015-08-18,253.0766
2014-12-07,374.448
2020-01-03,6963.8533539834852
2020-01-30,9276.8938210864944
2016-07-13,658.15000000000009
2013-10-08,125.72
2019-12-08,7493.5451545567475
2021-02-22,57669.3035269179
2018-04-06,6855.42230460675
2021-02-05,36816.508082034059
2015-03-22,267.79809999999992
2023-08-12,29396.8479714205
2020-05-03,8966.3070146892824
2014-08-19,484.15499999999992
2018-08-19,6382.0605914076095
2014-05-24,523.1083
2015-02-26,236.17115577234091
2018-11-07,6474.8472903366883
2021-10-20,64517.648560422771
2024-03-30,69919.055461486118
2019-02-28,3813.3778918812941
2019-09-08,10461.547731202416
2018-12-16,3221.9762037129963
2016-10-24,648.7663
2016-09-03,596.19500000000016
2023-01-15,21019.20661402266
2020-09-30,10837.516586513004
2015-04-06,255.4233
2023-06-26,30454.756974415621
2021-07-21,29971.903783612062
2020-12-28,26423.228791902289
2022-06-26,21525.880362211388
2022-10-04,19620.567543591394
2024-02-17,52166.43430976192
2016-07-05,667.53051802334539
2018-01-10,15509.2701268168
2019-06-26,11808.419904075861
2018-10-24,6472.7996606415909
2020-02-04,9308.91270229121
2020-06-19,9399.7672171292161
2019-10-31,9171.8744740541879
2023-01-31,22840.385858797104
2013-10-22,193.45
2016-11-02,734.1638
2020-10-03,10572.674843011133
2018-07-07,6603.29470396542
2017-09-20,3858.02095060051
2017-08-22,4008.41668521521
2013-08-29,123.44
2018-06-09,7561.16610052452
2016-11-12,703.76
2019-01-29,3432.215668301249
2019-05-16,8192.223138952013
2017-08-19,4115.21198836208
2020-09-04,10197.459822768922
2020-09-08,10359.445216989981
2022-06-23,19983.566482863105
2018-01-27,11456.2135062799
2024-02-23,51319.500125702674
2023-09-24,26573.9234797301
2021-12-17,47694.530502251764
2022-06-05,29872.3603087139
2017-12-31,14839.5907854184
2021-10-13,56335.035460511535
2015-06-13,232.6301
2020-11-02,13720.361465146289
2021-05-18,43780.825597824849
2022-11-04,20210.912417111318
2021-11-18,60603.655867386529
2022-05-13,29126.115976860139
2018-09-24,6711.0294518159344
2014-11-18,374.8683
2015-07-16,276.68009999999992
2022-07-17,21193.083343368369
2018-02-19,10523.429305801
2022-12-30,16644.379087037905
2014-09-19,393.26249999999987
2024-12-12,100963.80905516849
2014-12-16,328.53400000000011
2024-03-26,69938.945302002438
2020-04-18,7035.2615039892253
2018-04-28,8940.38112200719
2019-01-20,3674.5872708573038
2021-01-19,36595.4647692826
2015-03-19,260.0037
2017-08-18,4097.68580247375
2021-01-09,40815.961854782538
2020-12-29,27125.384120651503
2019-07-06,10987.248856214646
2018-10-27,6468.8264249656177
2023-11-06,35061.928749195788
2021-01-12,35669.906686633491
2024-07-13,57899.288957495919
2018-07-06,6537.74087162192
2023-10-01,26969.876144072576
2023-12-29,42600.65063315619
2023-12-21,43634.1241684964
2025-05-15,102841.43055555556
2025-09-17,116339.79861111111
2024-05-26,69268.445589737719
2024-03-18,68425.415656430545
2019-01-05,3815.268079882635
2022-09-14,20184.96749189655
2022-08-31,19805.350698858041
2020-04-21,6856.4562783547053
2022-09-21,18869.928809390534
2016-09-22,594.95879999999988
2019-12-25,7266.60819662888
2019-05-13,6953.75138858638
2023-12-01,37711.818375852672
2014-12-04,368.22820000000007
2022-05-22,29491.507947760598
2022-02-07,42475.543220951215
2023-10-11,27392.247702732497
2022-01-20,41749.551430985593
2017-04-08,1182.271
2023-06-08,26346.244545137633
2018-09-18,6250.1217273227294
2016-06-03,570.44499999999994
2023-06-18,26501.044442233673
2021-10-15,57452.431785035471
2022-05-15,30189.333177005963
2022-04-08,43515.150322798057
2022-12-26,16842.177039905502
2022-02-04,37101.351593780935
2020-12-02,18857.417371118165
2020-11-25,19091.524181728702
2023-07-31,29277.755810272716
2015-10-18,262.2345
2019-11-04,9204.2863504512679
2014-03-21,582.303
2024-09-27,65130.768840232311
2024-10-29,69845.304531169
2022-07-13,19350.73735007727
2024-12-26,98007.543059058371
2017-05-10,1747.3175
2017-06-10,2937.4538
2025-08-20,113695.95138888891
2025-04-10,81016.777777777766
2025-05-26,109571.33333333331
2023-05-23,26869.686021790778
2019-11-29,7438.6217693088493
2021-04-24,51191.1246964079
2016-05-28,528.545
2019-01-22,3531.004182799933
2019-01-07,4013.5200912973864
2023-06-22,30101.764819488686
2024-09-12,57381.764445000474
2024-08-27,62922.586346762648
2022-06-16,22529.198114649807
2024-11-07,75620.886069631917
2020-08-13,11579.867951602135
2020-09-23,10527.58784673943
2014-07-18,627.01880000000028
2022-08-26,21618.009019176647
2015-05-04,238.97059999999991
2023-07-11,30394.281146375572
2022-12-13,17179.596038203494
2014-02-01,832.52
2022-02-08,43910.929986443094
2015-03-31,243.2692000000001
2013-07-11,85.75
2015-04-17,222.41713828523811
2013-06-26,103.691
2020-02-25,9670.9608064677
2019-11-28,7483.7541921767988
2014-01-26,853.51
2021-12-08,50647.663406357548
2013-12-29,726.47
2019-03-19,3986.7068940461468
2019-08-25,10145.01247970698
2019-03-27,3938.659743156943
2024-04-21,64894.418691091792
2022-10-05,20345.398520106643
2016-07-21,665.36438451427375
2018-10-16,6659.87550840943
2019-11-05,9378.9539143309212
2017-08-14,4175.69529134641
2014-01-16,837.98
2018-06-21,6714.37546123014
2020-05-02,8824.8184135519678
2021-09-21,42932.946595954119
2021-06-01,37340.6792659422
2025-05-16,103841.62499999999
2025-04-14,84652.7013888889
2025-10-10,119589.13194444447
2025-06-04,105296.11805555556
2025-09-29,112859.59310344828
2018-10-28,6457.0586351866714
2016-08-14,570.73669999999993
2021-11-28,54533.403882426908
2015-05-16,235.9781
2019-12-19,7274.768503792503
2019-06-17,8978.77258780693
2015-06-09,229.52639999999991
2017-11-19,8011.14742989044
2019-12-07,7530.9228304049484
2019-07-27,9845.9994470785041
2015-05-17,236.0847
2023-01-25,22610.010598272846
2014-02-02,836.41
2014-09-22,398.31130000000007
2016-11-01,729.20499999999993
2016-02-23,420.30200000000008
2017-06-23,2737.74623109829
2020-08-06,11719.263523951549
2022-10-02,19314.463835217448
2014-11-12,418.5783
2019-01-25,3565.6420046170365
2022-06-27,21052.805397835731
2023-02-12,21889.432080049624
2014-06-17,607.1583
2021-10-08,53894.595994521071
2018-07-23,7395.8664054401
2021-09-20,47371.039332364708
2015-12-16,453.91399999999987
2013-05-22,123
2015-01-26,271.28820000000007
2019-07-21,10774.281137633849
2016-09-05,606.6438
2022-12-22,16816.853701189972
2018-05-31,7380.8515577098
2024-11-19,90534.624596502923
2014-05-08,437.3633
2014-06-12,567.175
2022-04-04,46434.562982661664
2024-08-31,59156.246036463555
2019-02-04,3454.0258438251872
2020-12-19,23120.570551567522
2024-08-06,53956.261841597443
2017-05-26,2262.36
2018-05-05,9634.53822597227
2018-01-19,11758.4693327652
2024-02-02,43069.043420936796
2018-12-21,4065.0972380101261
2025-03-03,90859.6597222222
2025-07-22,118542.75694444444
2025-03-19,84030.784722222219
2025-05-05,94389.437499999985
2025-08-18,115916.95833333334
2024-12-23,94891.300168755319
2025-01-24,105062.42361111111
2013-10-17,146.15
2023-04-02,28498.944633048621
2016-03-14,414.585
2021-07-03,33950.786555181
2015-11-01,324.99709999999988
2019-12-26,7204.1848756885975
2020-07-08,9253.630980242333
2022-11-25,16596.035758472681
2024-09-28,65791.002125417421
2013-11-10,313
2020-08-10,11682.851469154939
2023-02-08,23294.9136483527
2016-11-24,736.74869372306784
2019-01-02,3794.2642537397164
2016-01-02,434.32600000000008
2017-09-21,3628.05858753461
2015-11-26,356.245
2022-09-03,19941.451370047158
2014-09-09,471.7538
2015-04-22,233.7807
2023-04-20,28833.217501221105
2021-10-03,47777.762019063
2023-10-14,26841.136220644406
2021-09-27,43336.861233242744
2017-10-08,4562.32193109848
2023-08-10,29585.48807737921
2021-07-24,33455.551272722609
2024-02-07,43087.787408142853
2023-06-09,26507.909892202981
2017-10-01,4347.57873545332
2014-04-07,457.792
2019-04-01,4103.5217385493324
2016-05-20,441.888
2024-06-25,60363.234975296262
2023-01-03,16674.342536301097
2025-01-01,93783.2083333333
2025-06-06,103651
2025-07-19,118114.84027777778
2025-07-27,118516.14583333334
2025-03-04,84732.7152777778
2025-04-25,94281.361111111124
2014-03-24,571.418
2022-05-23,30351.050417138096
2019-05-27,8631.0805778440172
2018-04-30,9325.62885104679
2018-11-05,6351.0619410562849
2021-03-17,56830.253335076224
2018-12-18,3506.2170132794818
2019-03-21,4045.57263350974
2017-03-29,1038.6171976162541
2016-11-15,712.158899800779
2018-04-25,9716.48975733072
2018-12-06,3751.691966395661
2024-06-01,67474.954836984092
2019-05-31,8310.8910630574173
2023-06-25,30537.816664634793
2020-10-01,10770.881347466415
2023-04-19,30365.904167541412
2016-09-02,573.96249999999986
2017-01-21,919.67750000000035
2022-05-30,29492.503214953642
2023-01-06,16832.098988497855
2015-01-22,232.0423000000001
2016-07-11,649.07
2024-06-11,69493.177609157385
2018-05-08,9308.26502572185
2019-10-16,8175.8631121051185
2014-11-09,363.42412910159328
2023-06-02,26824.101499516779
2016-11-05,704.0224999999997
2021-09-13,46195.21830082935
2014-01-24,808.32
2023-12-14,42931.761826032453
2023-10-16,27150.297001407049
2023-01-05,16855.1747387671
2019-12-18,6627.1625145531352
2022-08-12,23948.751703681432
2019-09-25,8702.7135280262355
2025-07-17,118762.31249999999
2025-07-30,117775.28472222222
2019-08-14,10903.6549918801
2021-01-28,30445.525865113508
2014-11-14,395.245
2019-05-29,8726.9781104563954
2015-07-21,274.94288765584781
2017-03-06,1280.9859999999996
2016-02-12,382.72
2022-05-11,31026.933868362419
2022-06-03,30481.013996026013
2020-08-21,11861.836577279681
2019-07-15,10285.461109066944
2023-05-28,26848.239939592459
2017-04-28,1321.205
2024-10-12,62392.340482931591
2013-11-03,212.45
2015-03-17,284.3491
2013-07-13,88.0622
2014-02-04,832.36
2013-12-14,866.99
2015-12-08,412.93000000000012
2023-06-06,25792.6160902334
2024-03-07,66145.91927850846
2016-07-06,675.9190000000001
2019-10-21,8208.3626217587116
2020-03-12,7935.5220401705446
2017-02-22,1123.3049999999998
2017-12-04,11634.9849554034
2013-12-27,734.27
2020-03-08,8902.20195010789
2016-04-08,418.4740000000001
2024-07-26,65749.963619653325
2015-07-08,269.61301642142661
2019-02-14,3610.0622730634022
2018-01-31,9989.68977659669
2016-09-29,604.6375
2023-06-11,25858.12289218562
2024-03-21,67819.055706840285
2018-02-01,10114.495086226
2019-11-16,8480.4355418746036
2014-06-25,561.47169999999994
2023-04-13,29904.138694718906
2015-03-25,246.2715
2025-06-25,106997.15972222222
2025-03-21,84119.791666666642
2025-04-07,77762.979166666657
2017-07-16,1927.09906562122
2024-05-05,63820.451902924986
2019-03-02,3815.7539399227549
2020-08-14,11817.164038803397
2016-11-27,727.75749999999994
2018-07-22,7379.1372718219491
2024-01-18,42713.859186938986
2023-03-06,22421.885805853268
2021-06-21,35787.077405232318
2023-11-11,37344.249000720345
2024-11-08,75987.241783206671
2024-11-22,98509.118591024322
2020-06-01,9466.9617814295161
2020-08-01,11325.5515272739
2021-05-16,46780.902304688214
2013-07-24,94.5806
2019-10-13,8308.4709674334335
2015-12-29,432.15400000000011
2019-10-10,8573.0600864487351
2015-06-11,229.93430000000009
2018-01-20,13260.2711872786
2014-06-10,649.0567
2021-07-22,32383.781126968719
2016-12-10,773.12629338452348
2022-11-14,16344.342316001042
2016-03-16,416.5440000000001
2019-01-01,3692.5315655246986
2019-07-14,11418.511855491488
2013-11-21,675.06
2024-04-04,66123.938539074
2020-04-23,7109.9952911817782
2016-05-22,438.67500000000013
2014-05-25,569.3767
2013-05-24,131.7
2014-05-28,571.5533
2017-03-14,1246.5567394807624
2015-11-18,335.447
2019-10-15,8347.3503500854513
2014-10-29,333.14749999999992
2025-03-01,85080.881944444482
2025-09-21,115592.99999999999
2024-12-27,95574.60761171591
2019-07-16,10911.345158309634
2019-01-18,3620.9812811457246
2017-10-06,4347.54723950876
2013-10-25,172.48
2015-04-24,230.9863
2016-02-11,377.058
2017-05-14,1767.7088
2018-09-06,6764.9267737782247
2022-03-31,47063.365849963549
2013-08-25,122
2014-05-07,439.3
2014-10-27,348.29
2018-06-11,6767.49948454925
2015-09-17,232.746
2016-03-12,410.8010000000001
2016-03-17,418.40000000000009
2020-05-10,9566.7771872059657
2017-11-26,9342.98864142167
2014-01-28,777
2019-03-06,3852.4616657854858
2022-01-11,41869.859055592191
2021-03-24,54584.86994699455
2019-09-14,10355.626898620032
2016-12-09,769.84129999999982
2020-12-13,18807.095403220159
2016-08-31,571.75828267630345
2016-09-20,607.76881256326647
2018-04-08,6884.47723505995
2018-08-07,6926.1167787740014
2024-05-17,65260.879803346186
2024-12-01,96513.142346982248
2020-06-06,9636.9655270500571
2021-02-09,46307.574121593949
2022-11-22,15814.335280855257
2024-03-24,64285.80279102199
2016-11-25,738.20394320730054
2017-07-11,2353.91066125207
2018-03-20,8640.52143024258
2018-07-18,7303.3730597958547
2023-11-16,37903.662451662938
2015-09-09,237.9452
2014-09-26,402.88
2024-07-14,59152.719138872861
2016-10-10,614.3138
2015-08-12,267.7126
2019-08-31,9588.98750205815
2020-06-27,9166.4863604162329
2025-02-24,95122.840277777839
2025-09-12,115533.9375
2025-03-25,87341.7916666667
2025-10-20,110457.5625
2021-04-13,59911.020594847316
2016-11-17,738.4799999999999
2022-11-17,16689.39673273771
2024-11-11,80466.716548335418
2020-12-15,19259.97047153096
2021-03-27,55033.100480447036
2016-10-17,637.48250000000007
2024-07-10,57988.303512084007
2014-02-23,622.97
2023-06-10,26469.581684007026
2024-06-10,69654.160737603583
2016-06-26,629.30599999999993
2018-04-15,7897.71993085806
2013-08-12,105.18
2022-06-06,29917.764052456198
2019-07-07,11279.476377672418
2014-11-10,363.76499999999987
2020-06-09,9773.02951309516
2016-05-12,454.73100000000011
2024-08-30,59351.5794909728
2016-03-24,414.88299999999992
2023-08-09,29779.561671250889
2016-04-24,459.92299999999989
2019-11-11,9043.6732923970649
2018-12-27,3781.6130815933529
2024-06-04,68808.29368590549
2020-07-23,9514.3049876269688
2024-04-24,66406.952443926712
2022-07-14,20225.23866433186
2022-10-23,19203.865471177141
2018-10-12,6234.3676414544416
2018-05-20,8180.62700991409
2018-11-14,6394.2892762640622
2013-07-03,90.797
2021-10-30,62283.198055873538
2024-11-12,88637.420003229112
2016-02-16,407.01299999999981
2014-10-18,389.1163
2016-01-15,365.912
2025-01-12,94491.680555555533
2020-11-19,17829.934958345126
2017-11-29,9875.89230818829
2020-12-30,27424.538954606684
2013-06-29,93.3311
2019-07-03,10822.764178376405
2014-03-31,457.399
2015-07-27,292.6148
2023-08-29,26109.2698239287
2016-10-22,652.0875
2024-09-01,58960.236586645871
2020-05-09,9821.81131529702
2022-01-30,38232.178732177083
2019-02-22,3934.8135938948171
2015-12-06,394.01099999999991
2015-03-26,247.5595
2022-12-28,16701.840210667935
2014-05-31,620.5
2021-02-23,54410.856294516008
2021-11-10,67145.374935370608
2024-08-26,64265.816312728617
2017-05-07,1557.8838
2024-08-02,65357.529607674347
2016-02-14,404.14400000000012
2014-04-01,478.7163
2013-07-15,94
2014-03-17,623.705
2022-08-23,21387.747114773963
2017-09-29,4130.41524600294
2023-11-07,35031.268882087061
2019-06-22,10118.359455626854
2018-11-27,3811.9235292664935
2021-06-28,34607.293274083386
2014-02-10,689.65
2024-08-17,58881.925791512171
2014-01-01,767.74
2017-05-18,1889.4088
2013-08-17,112.74
2015-06-18,248.55199999999991
2017-06-15,2444.49371230854
2021-04-06,58706.815593113963
2015-01-12,268.353667700943
2016-12-29,971.72129999999981
2021-08-17,46031.757543625827
2022-07-22,23155.207555248304
2020-02-07,9744.6365781593868
2017-02-09,981.70499999999993
2014-06-22,595.0367
2025-03-26,87329.479166666672
2025-10-14,112642.54166666664
2025-06-27,107092.52777777778
2025-07-01,106513.74305555555
2025-07-20,118091.04861111111
2024-12-16,105017.30978682266
2014-03-13,639.03
2019-04-10,5172.1752647597095
2019-04-28,5256.977802474059
2024-10-18,67328.105270029875
2013-05-15,114.156
2019-06-27,12996.124342788677
2019-03-20,4013.5769693454813
2018-04-21,8499.45000871487
2022-02-22,37059.979402287514
2015-02-07,227.2050999999999
2015-04-15,223.0161
2014-07-17,622.8950000000001
2023-06-07,27216.615564697731
2013-05-26,134.6
2022-05-29,29088.236452817226
2017-11-13,6423.09140246102
2024-06-29,60317.096979451162
2022-12-17,16623.757826144309
2018-07-25,8422.37392335148
2016-08-20,581.94627308121358
2015-12-03,360.954
2020-12-08,19198.806493935343
2024-09-07,53923.356110719047
2016-03-18,408.28
2019-01-14,3495.832311307438
2015-01-08,284.4525
2014-12-09,350.92800000000011
2023-07-13,30407.416314359911
2023-07-04,31134.713133508405
2023-02-23,24146.101364545222
2014-10-31,336.58797580578067
2016-01-29,378.912
2021-08-08,44647.577603001162
2016-07-28,655.89043017489519
2023-01-18,21156.783931167131
2021-10-19,62017.972725178704
2015-07-06,268.595
2015-05-11,241.8506
2024-12-03,95833.1362300365
2016-08-07,592.6675
2020-06-17,9524.92661691022
2020-10-26,13021.410842124118
2025-08-09,116792.18750000001
2017-03-08,1149.6310000000003
2014-12-06,373.671
2016-12-12,778.43230122257455
2018-11-25,3895.8368129589876
2017-01-17,904.15250000000026
2014-11-15,377.3267
2016-02-07,375.51700000000022
2021-02-12,47815.961755543161
2017-03-30,1031.4929056461594
2013-11-22,731.15
2020-05-31,9662.70587254818
2017-04-22,1249.67
2020-03-31,6403.1412355652228
2015-01-16,205.816
2019-05-18,7343.3714571629944
2013-05-08,112.64
2016-10-01,614.05988451766427
2015-10-17,270.3646
2013-05-17,123.1
2014-07-09,620.16
2014-02-27,586.28
2014-01-10,863.3
2023-08-04,29176.150596585408
2020-09-22,10439.522488792423
2020-03-04,8756.718576742549
2023-12-28,43418.467775042911
2022-05-10,30269.586956629482
2016-08-03,567.38106161560142
2019-09-12,10150.71002363705
2022-08-19,23248.384228192641
2020-05-14,9283.08601265873
2018-06-30,6182.25674792295
2018-06-15,6644.72067973844
2013-11-01,205.26
2022-12-20,16422.562273279298
2024-06-21,64844.674417977629
2013-12-21,596.12
2018-05-13,8480.58037612559
2018-04-22,8878.42826029723
2023-06-21,28330.891419807507
2023-03-24,28459.735113552502
2015-12-26,417.092
2017-02-14,1010.1021618594351
2017-06-11,3013.7138
2022-07-21,23313.296731959555
2016-02-08,371.13599999999991
2013-12-18,559.36
2021-12-14,46696.304699466782
2016-06-30,671.61599999999976
2025-05-28,108309.95035460991
2025-02-02,99093.2361111111
2025-05-12,103578.59027777775
2025-09-30,113750.19444444442
2024-10-27,67018.1650170265
2018-09-28,6704.7042457297212
2021-08-20,46745.034622969877
2016-03-04,409.408
2018-03-06,11526.4209302906
2013-06-09,108.401
2018-04-12,6925.10199547663
2019-07-30,9510.5935521816482
2015-01-11,267.184
2014-09-04,489.54750000000013
2014-11-05,337.5933
2020-05-24,9170.3610635061268
2014-10-02,371.8413
2019-05-22,7958.3655260750884
2018-12-19,3655.7750457298011
2020-08-25,11758.828120368864
2019-05-25,7977.2448824679732
2017-06-17,2683.5713440378
2023-05-30,27759.746663920676
2014-04-04,448.8792
2022-12-15,17808.716172658809
2019-09-23,10041.304200624943
2024-06-12,67329.15232724321
2022-05-14,29310.728959858257
2023-09-19,26741.461110948952
2015-12-10,416.91
2024-01-11,46632.31314804979
2022-03-21,41283.259001045648
2018-06-16,6406.80704950998
2019-06-15,8671.505388660793
2022-06-04,29714.143487149733
2023-05-01,29362.056213625394
2023-04-04,27815.42653124798
2024-12-20,97104.4998020457
2015-12-23,442.821
2020-06-22,9298.3608291214168
2013-07-09,76.3915
2016-12-31,966.56897087325569
2013-06-16,99.99
2021-05-06,57432.100227087576
2025-08-19,114647.43055555556
2025-08-05,114089.77083333331
2025-04-26,94500.868055555547
2025-05-06,94522.159722222219
2013-08-09,103.4
2016-04-26,467.85599999999988
2020-11-22,18689.528655825852
2020-09-28,10765.300521660893
2016-06-13,704.29185217110819
2015-06-06,225.2889
2015-05-09,241.5321
2016-07-12,670.94800000000009
2016-10-18,635.465
2019-05-11,6370.233758607852
2015-09-22,229.8831
2015-04-04,253.3213
2022-04-02,46270.200705853778
2023-09-12,25133.303106566527
2018-03-16,8359.36528334063
2019-12-24,7335.2076161770146
2017-02-28,1190.3309999999997
2018-03-18,8063.4097921227
2014-12-28,316.491
2017-05-31,2329.0775
2018-10-06,6621.1893639199188
2018-10-18,6635.7418324879427
2018-07-05,6562.7217371211
2014-08-06,583.32499999999993
2024-04-18,61328.897988607248
2016-09-30,608.2575
2020-04-25,7495.3935874986064
2018-03-24,8824.59283177853
2018-11-21,4450.7114544178221
2017-07-27,2649.44120113807
2019-01-28,3553.1216811297782
2019-08-03,10529.171907427639
2016-02-26,427.029
2019-05-12,7258.2612806552224
2016-11-20,728.3713
2018-11-23,4307.3887317172666
2014-07-25,600.09630000000016
2015-03-03,280.62419999999992
2018-05-14,8683.9862031429
2019-06-11,8002.7299828940468
2014-01-30,817.17
2017-08-31,4702.93816308458
2022-03-04,42491.978393359052
2023-10-26,34471.986031672015
2013-07-21,89.28
2020-06-18,9463.3614143117866
2013-09-18,132.06
2020-10-21,11908.708923246453
2019-10-27,9217.2360315362857
2018-10-03,6524.60769791521
2025-01-21,103839.98611111108
2025-03-20,85264.2291666667
2025-06-15,105380.125
2024-09-25,64334.142748760969
2014-08-20,514.18630000000007
2018-02-26,9699.51718151529
2020-12-18,22805.65580598891
2023-02-17,23756.907281577434
2020-05-07,9144.68703972007
2017-09-18,4012.28582499344
2019-01-12,3632.8493064347808
2020-08-30,11481.481823317012
2022-07-10,21589.628101459668
2018-06-13,6581.82807522796
2019-07-28,9447.6784014133063
2019-10-20,7949.802268609832
2023-12-16,41992.014187223991
2023-07-16,30297.971400125534
2016-04-11,422.58400000000012
2023-04-09,27968.128047055121
2018-01-01,14093.6068305274
2020-01-16,8820.85010599613
2021-03-26,51416.908304980054
2018-04-04,7464.35609406668
2017-08-01,2737.76379241919
2018-02-06,6852.05270051491
2023-10-30,34556.242814761616
2017-02-10,992.1113
2015-03-15,285.2645
2023-03-14,24178.955327974691
2024-08-20,59574.945812940874
2019-05-02,5354.5868001739655
2014-09-03,474.72630000000009
2019-06-03,8743.7054691342346
2021-11-30,57848.773537129891
2018-10-08,6584.8321530525136
2014-06-09,643.905
2022-11-07,20906.997926955119
2022-04-30,38650.550138092673
2017-02-17,1056.5580910529798
2022-02-06,41493.690050910525
2022-02-10,44383.888055417068
2016-08-02,517.13492944876066
2013-08-05,106.56
2023-12-04,39960.275420410515
2016-08-24,577.88805316217122
2023-01-17,21175.33773662521
2022-04-17,40450.379305439768
2025-05-19,104192.27083333333
2025-02-21,97770.256944444467
2022-12-12,17101.038019732932
2014-08-08,590.90727022451915
2021-09-25,42752.1681545072
2016-01-06,431.34300000000007
2020-02-02,9363.22420680057
2021-07-19,31919.393922554555
2021-07-04,34729.890778010209
2017-02-20,1082.0168234958396
2017-09-01,4863.19304868405
2020-12-11,18262.058384653155
2020-05-23,9131.7672750819929
2023-12-02,38688.258741790691
2019-02-01,3431.9436378644559
2021-02-17,49238.136906724867
2024-08-28,59526.560879590994
2014-07-19,626.17630000000008
2023-06-01,27245.474465179723
2015-12-31,431.139
2021-11-17,60448.56251258625
2024-06-24,63221.357384374773
2020-01-19,8906.9026751510737
2015-03-02,269.96149999999989
2019-05-06,5749.3237804603268
2023-07-10,30169.870657479249
2020-11-04,13989.976358180447
2021-01-29,33128.347528611492
2016-09-04,608.6887999999999
2015-12-13,435.81500000000011
2021-05-11,55901.667594561448
2022-02-17,44063.281982795706
2016-01-07,456.434
2020-09-18,10937.996396960929
2017-07-04,2610.99757474179
2013-12-08,743.11
2023-06-24,30629.244353335751
2020-02-26,9345.3427017348477
2023-07-24,30057.956718714588
2015-10-03,238.9718
2022-11-12,17080.215260565037
2015-08-10,263.5782
2019-10-12,8277.8483510850419
2021-03-03,48532.236789817027
2023-01-02,16615.969318012816
2025-01-17,102795.68055555556
2025-02-18,95415.3263888889
2025-08-06,114413.56944444447
2023-11-05,35048.407834901074
2017-12-09,15266.4263894651
2014-06-15,583.41
2019-03-15,3876.6987080329527
2015-10-30,325.80059999999992
2022-01-19,42395.45879157343
2016-10-16,640.18629999999973
2013-08-31,137.76
2017-05-08,1633.38
2014-05-20,483.4167
2014-04-05,464.8259
2023-01-23,22736.66142892971
2013-09-06,126.13
2023-04-24,27606.578347653143
2023-01-22,22771.023287021784
2019-10-29,9239.8972837796646
2020-01-09,8045.7891245929713
2021-05-31,35714.752020180669
2018-03-28,7836.76304425289
2017-06-14,2503.40127294964
2015-01-31,218.0233
2022-07-03,19268.227002666128
2020-10-29,13282.999348292438
2022-06-02,29833.450330205254
2014-09-05,480.24250000000012
2023-06-04,27066.371328526235
2024-02-08,44247.415415479314
2018-03-03,11098.0758092511
2024-02-09,45338.271189789484
2021-04-16,63179.772446084695
2020-04-15,6860.17853570111
2020-02-12,10226.925769215322
2014-07-11,630.83500000000015
2013-11-27,914.13
2020-03-06,9038.8703232334246
2021-01-23,32957.908782655926
2019-01-10,3982.2259127624075
2023-07-08,30315.26540235163
2025-05-13,103344.73793103445
2025-05-09,102999.29861111112
2024-12-05,100102.55169237687
2025-02-20,97449.513888888876
2019-04-14,5072.9871913378829
2019-11-02,9233.4138016059042
2024-03-20,62132.517378734367
2022-01-24,36306.409440464704
2016-11-04,702.11
2024-04-05,68542.177152795062
2014-10-10,357.55499999999989
2016-01-11,448.3490000000001
2021-11-08,63153.230193019495
2023-05-02,28125.501155636823
2016-01-31,364.352
2024-09-03,59108.732358636888
2024-01-06,44113.699733890811
2024-04-28,63517.248743409626
2014-04-29,443.27
2019-09-10,10321.931613525778
2018-11-19,5638.861481452398
2018-07-30,8197.5935758142077
2018-03-09,9420.85488958591
2017-07-14,2228.72879099011
2022-06-08,31265.469277693348
2023-10-19,28328.245198134824
2015-09-02,228.64279999999991
2022-09-26,18809.411439332442
2018-11-26,4039.8365511374318
2022-09-25,18939.970580499372
2021-08-01,41754.166604352751
2021-11-21,60082.911668417088
2019-02-06,3469.8946770792636
2017-05-01,1408.445
2020-08-03,11066.306240590267
2022-04-24,39561.78019075613
2020-07-28,10962.258481207355
2025-09-20,115798.39583333337
2023-12-11,43757.959937619176
2022-10-13,19153.039779986986
2016-09-26,606.09706453630054
2021-11-09,67617.0155448617
2014-04-14,457.6338
2015-12-18,463.816
2021-04-22,54190.070262834051
2013-10-24,198.8
2016-05-30,534.22400000000016
2016-10-27,683.37249999999983
2016-12-27,929.11500000000012
2022-08-22,21615.761693416986
2015-12-15,464.99899999999991
2018-05-18,8056.05319237475
2018-03-13,9232.70587979953
2021-06-08,33451.383407145338
2016-10-13,634.62233880412327
2021-05-05,53464.370219503719
2016-06-10,579.22764788014069
2018-10-15,6328.5547600344244
2018-05-04,9551.13518381566
2017-07-23,2731.60400741206
2023-10-15,26863.183569079916
2022-09-05,19980.013222242276
2024-09-24,63327.02654450202
2015-06-25,242.4769
2021-01-13,33938.335878100879
2023-02-18,24628.824552173119
2015-07-20,277.2454
2022-07-07,20566.68722377
2017-04-06,1194.2109999999996
2016-09-13,606.6450000000001
2025-08-13,120781.04861111112
2024-12-14,101436.39957868369
2014-01-31,817.93
2019-11-12,8729.9174184907279
2016-05-31,531.40700000000015
2013-07-05,78.48
2024-10-10,60597.150456182753
2019-11-07,9340.0486515748962
2015-02-24,238.7314
2023-08-11,29423.81891597763
2019-04-18,5218.9571503845282
2014-09-21,396.62
2014-06-05,658.1
2018-06-04,7639.87944568278
2020-03-16,5397.93335743919
2018-07-21,7331.8715232394006
2016-03-26,416.71499999999992
2014-02-25,489.31
2023-07-28,29200.244001291314
2020-04-28,7774.2815544480491
2020-12-23,23794.79330262859
2023-09-06,25784.413519830381
2015-04-21,234.68670000000009
2017-05-06,1547.815
2021-10-28,58641.00147419492
2021-07-06,33928.134218371473
2016-06-11,597.746561993518
2014-01-09,853.29
2019-08-22,10124.058214168905
2014-01-29,816.85
2015-10-20,270.26639999999992
2020-12-31,28837.28852895899
2017-07-05,2607.21930206989
2015-07-05,271.04012080034431
2022-04-23,39756.848993471016
2022-01-10,41862.3609856517
2021-02-19,51733.075539032034
2015-01-02,314.446
2021-08-21,49195.878601896162
2021-04-20,55721.166052695626
2014-06-21,591.2567
2013-08-03,103.7
2020-04-20,7127.5119496891521
2024-12-13,100249.92501600931
2021-02-03,35485.98593382442
2016-12-13,778.21500000000037
2014-01-11,905.72
2022-09-13,22339.670502623361
2018-10-13,6285.5929827998443
2021-10-24,61572.140434222427
2022-10-09,19418.037989243952
2015-10-02,237.25929999999991
2023-08-25,26134.934254516003
2014-12-03,374.103
2013-10-04,128.26
2025-08-08,116704.57638888888
2025-04-13,84447.4027777778
2025-05-30,105338.54166666667
2025-04-06,81945.631944444467
2019-10-22,8220.91853113097
2024-01-24,39833.454105016877
2023-04-18,29467.459829260344
2014-02-26,567.25
2022-01-09,41756.662323978257
2022-12-16,17338.358126632633
2016-10-07,616.21880000000021
2015-02-19,240.2988
2023-03-27,28048.469978534958
2024-03-09,68315.251920783136
2016-04-02,419.67000000000007
2023-11-15,35545.201433454065
2013-09-19,130.23
2015-07-04,260.415
2024-03-10,68508.0039626159
2013-07-02,89.489
2014-10-30,343.6674999999999
2015-12-21,437.80900000000008
2020-01-18,8902.5689952253288
2020-05-05,8884.407813577056
2021-03-18,59014.925632050988
2024-05-09,61215.504008791933
2021-03-31,58668.628336761
2017-10-11,4807.92589489803
2016-03-10,416.29200000000009
2022-04-03,45842.144763173819
2018-01-24,11277.1159704489
2015-06-08,228.70130000000009
2021-07-23,32409.499767175417
2015-07-24,288.44471678833361
2016-10-09,614.62380000000007
2019-01-31,3457.8826491759864
2021-04-28,54991.814842621068
2013-11-15,424.16
2014-06-02,656.41
2014-06-04,641.1833
2025-10-03,121054.31944444444
2024-10-09,62185.230423727575
2023-08-19,26042.838256848998
2021-04-27,53978.805547289623
2015-02-12,222.04015878752591
2020-11-05,14101.716050813722
2024-07-27,67920.2964857025
2016-01-09,448.70900000000012
2014-02-06,805.08
2024-04-22,64936.4207567739
2016-10-28,687.55879999999991
2018-12-09,3424.7058606626006
2023-04-28,29483.521704991861
2020-01-06,7349.972248050628
2018-12-08,3408.5236170431267
2018-09-26,6441.3115445425528
2024-09-17,58211.123231286256
2020-10-31,13537.174271524887
2022-05-19,28772.200501112577
2017-10-22,6003.4640189335
2019-06-20,9285.9286742514723
2024-01-26,39938.286441558783
2021-07-28,39076.593770632251
2021-10-16,61809.02394427028
2013-06-21,110.91
2024-04-12,70106.664130709483
2017-09-04,4317.18518771612
2017-10-16,5728.93275055115
2020-01-29,9320.8058538684672
2014-06-03,667.3683
2014-12-26,327.71697087101512
2014-12-12,351.502
2016-03-08,411.87700000000012
2016-09-21,595.84024922643448
2022-03-03,43980.707382090906
2020-05-25,8731.8485258706514
2022-09-18,20131.675305714027
2021-08-04,38368.354011978969
2014-09-07,480.6025
2021-07-17,31399.653128682126
2023-02-16,24307.875101631602
2017-01-02,1019.1988000000001
2017-02-13,996.10393586981138
2014-07-14,618.20502650647882
2015-12-09,417.36799999999988
2022-02-20,40192.759121431409
2014-03-30,469.938
2021-06-17,38321.454656574206
2017-11-01,6714.78898671902
2024-08-14,60601.223177897271
2024-11-10,76630.22631415377
2024-08-24,64049.685615555762
2016-06-16,765.46299999999985
2024-01-10,46105.946078286972
2017-06-30,2490.75348798041
2014-05-23,524.475
2015-09-19,231.27329999999989
2019-10-06,8140.2424842684286
2018-04-13,7836.39699399927
2014-09-10,477.1138
2017-10-14,5679.21622165638
2014-09-20,408.5025
2018-09-03,7305.2728010037526
2021-10-06,51668.994224355643
2018-10-04,6499.2623791152191
2018-04-18,7873.63551010255
2023-02-06,22946.286578591233
2020-03-20,6170.2006002376747
2024-03-22,65535.97844847657
2015-05-29,237.0714
2020-12-05,18711.226549886927
2023-03-16,24470.882054450311
2020-11-23,18390.61184379203
2014-07-15,618.95249999999987
2023-03-25,27595.4947483755
2015-04-01,246.7755
2017-08-30,4553.80652713686
2019-04-21,5307.6891834371354
2013-09-24,126.09
2020-04-24,7382.7931441166893
2018-12-03,4124.5935486432154
2022-10-17,19272.921847772006
2021-12-18,46328.6963654447
2018-05-01,9198.18950997327
2014-03-28,503.661
2024-02-26,51751.884054934555
2018-10-19,6517.5110877105344
2025-02-01,101974.24305555555
2024-12-18,104996.83170132249
2024-12-31,93577.078571428574
2025-02-12,96257.402777777781
2025-03-10,80968.715277777752
2014-01-14,838.05
2022-11-06,21282.985109422694
2020-02-20,9618.4092482504057
2017-06-24,2618.41673570888
2013-06-30,95.3886
2024-09-30,65663.689866623346
2022-02-11,43628.139532352281
2016-02-06,374.90499999999992
2024-03-27,70082.051224759824
2013-07-12,93.804
2015-12-07,394.355
2019-02-23,3973.6413227746357
2019-09-02,9729.266231867814
2014-08-03,585.57319407669945
2021-12-05,49161.99070957517
2024-11-14,90488.100074978487
2021-12-29,47725.148046319329
2016-02-22,437.80299999999988
2020-09-09,10125.014956069688
2021-06-25,34675.449105303363
2013-04-28,135.3
2020-10-19,11495.899975689872
2024-01-08,43883.743879051741
2015-11-17,335.111
2020-05-13,8788.4667494146524
2016-03-31,415.366
2019-12-04,7286.0809515114406
2015-11-24,319.97899999999993
2022-05-20,30382.40624219559
2021-10-02,48181.876272600079
2017-09-17,3553.43231625865
2013-05-28,129.179
2016-07-09,653.87051249939861
2018-08-04,7411.66638248389
2014-07-02,648.10750000000019
2020-10-30,13441.878496031612
2024-11-21,94217.022296342053
2020-06-15,9345.960907722063
2016-09-06,610.68379999999991
2017-11-23,8117.66434762603
2017-04-16,1186.31
2024-02-16,51958.230291054919
2024-03-25,67310.983268101059
2020-08-27,11465.002564032086
2019-01-27,3563.6145634191439
2025-10-07,123332.59027777777
2025-02-09,96555.4236111111
2025-01-09,93446.666666666672
2020-04-14,6857.5385375114838
2022-05-16,31319.309111130002
2015-10-24,282.9566
2024-07-09,56665.140733520275
2023-02-26,23157.038107459524
2020-11-24,18360.693300385865
2023-03-23,27449.254830807356
2019-05-17,7875.9131995260659
2016-05-01,452.592
2015-03-18,255.6062
2019-04-04,4955.8318240182962
2017-10-02,4383.32549736353
2014-07-06,631.0025
2017-09-27,4134.21241496119
2018-10-07,6589.124681678888
2019-02-27,3809.2097746820241
2022-07-20,23366.907697927851
2024-10-14,62829.533686088886
2017-08-15,4149.30875941234
2019-03-03,3819.6457305825852
2021-01-27,32582.109445021229
2020-07-02,9230.6729985908041
2018-05-09,9149.51783314723
2015-09-23,229.8658
2024-10-02,60872.668543725544
2022-11-28,16459.149543755877
2019-08-02,10361.312000080692
2024-07-03,62042.5650371006
2021-01-18,35804.263885674685
2020-03-30,5915.3371547919032
2015-07-14,286.66539999999992
2014-03-23,567.779
2017-08-03,2777.36799394604
2017-05-02,1442.245
2014-05-19,443.87
2017-03-20,1036.3320123738727
2013-07-26,96.9499
2019-01-13,3598.4363465618803
2019-02-25,3742.8689467003869
2024-03-01,61298.216861101624
2020-10-09,10888.666546835811
2019-04-03,4862.2304277669173
2021-11-06,61247.384942177872
2022-07-30,23847.583318738609
2020-09-03,11418.254756916149
2022-09-19,19437.157867982634
2025-09-15,115283.13194444445
2025-10-05,123423.96527777778
2024-12-28,94450.477107487619
2019-02-08,3394.0146529587223
2024-06-15,66011.07873713733
2018-05-17,8343.1252216955
2014-09-24,420.92
2016-02-18,421.42200000000008
2019-09-18,10203.071046816189
2022-02-23,38337.2038554348
2021-07-29,40031.19824444798
2023-05-15,26911.805273213893
2020-08-16,11864.905810156475
2021-05-02,57812.969159678913
2024-07-18,64136.313843606869
2015-02-04,225.3083
2018-06-19,6677.53340291194
2022-01-02,47816.077676408488
2022-04-22,40528.541486759583
2018-08-31,7024.14510718162
2023-07-30,29356.747745916669
2023-12-27,42516.426940282516
2015-02-23,238.1319
2020-08-28,11300.398363810944
2014-03-08,610.37
2022-05-27,29346.781442431617
2016-11-29,731.81
2022-04-05,46622.635713091011
2017-05-05,1506.0438
2019-09-20,10253.232374680329
2018-09-15,6500.01225461663
2023-01-20,21081.671022204326
2013-12-06,1019.66
2022-04-01,45528.407153138352
2019-12-30,7394.0292855309908
2020-09-26,10681.993848113701
2019-06-28,11178.682998186501
2017-09-23,3763.41140627887
2013-06-13,108.4
2021-11-24,57748.793173788559
2016-04-15,429.966
2023-06-17,26327.3256694539
2015-08-11,269.8668
2023-02-07,22786.483006387727
2023-05-11,27639.733565935861
2013-06-19,106.55
2019-04-20,5280.3544443830069
2019-12-03,7308.9824444237938
2025-09-26,109437.95833333331
2025-08-23,115466.71527777778
2025-08-10,118203.0625
2024-12-15,101942.48796165572
2022-05-03,38561.565399023617
2020-11-21,18628.813489036198
2019-04-16,5039.881017404402
2024-10-11,60195.180737724528
2019-05-03,5450.7066204864241
2013-11-26,832.93
2014-02-07,721.32
2024-11-30,97453.2473451042
2021-07-16,31726.038833909817
2017-01-16,828.30999999999983
2014-03-02,561.35
2015-03-20,260.9075
2018-03-02,10859.5521943893
2019-04-24,5557.9257276108365
2017-11-05,7416.26795098255
2022-10-31,20623.871497040946
2021-11-29,57237.661137090428
2018-11-11,6429.8987920742193
2014-02-21,582.75
2013-08-01,106.23
2013-12-31,755.16
2018-02-28,10709.3884310463
2015-11-02,350.7678
2023-08-31,27297.261438480404
2021-02-04,37494.717624604258
2015-06-30,262.40632546017781
2015-07-19,272.806179588859
2017-07-07,2509.21820981689
2024-03-08,66944.876390535748
2020-01-05,7351.3770531666269
2014-01-03,825.47
2021-11-05,61601.743572049752
2020-05-15,9796.494527024528
2023-11-24,37293.316127426726
2021-04-04,57060.406654710881
2019-01-08,3989.6687175387638
2019-07-01,10888.097181679726
2022-07-06,20188.779663973284
2017-03-25,965.26506266106912
2017-06-05,2721.5525
2015-01-25,253.83889999999991
2017-08-28,4216.24277330547
2014-09-23,433.7512999999999
2015-06-05,224.7413
2020-03-10,7921.33200691072
2019-07-26,9878.23193291115
2019-09-01,9607.2892643025825
2024-04-30,63797.679635899578
2019-08-09,12024.331570998236
2020-04-17,7059.92622475854
2025-04-02,85093.284722222234
2025-04-05,83317.9375
2025-02-17,96110.152777777723
2025-04-08,78692.618055555577
2019-01-21,3539.1675310410292
2013-07-16,97.301
2021-01-20,36104.863857755139
2021-08-18,44534.454854219905
2015-04-12,235.7386
2014-06-08,649.8983
2018-01-15,14411.9977069182
2014-02-20,593.89
2013-10-03,123.07
2023-02-13,21779.874403844169
2013-11-06,260.85
2021-10-05,49260.232321130694
2021-04-12,59988.020958529829
2020-05-06,9003.2405576215842
2020-12-21,23518.318420547232
2013-10-26,178.96
2023-12-07,43788.288808252342
2017-03-18,961.9620000000001
2020-07-27,9925.751397476346
2016-08-17,571.461914957742
2014-05-02,443.4734
2024-08-11,60887.708616415039
2024-08-12,58804.234499926082
2023-07-05,30775.624022375305
2018-04-20,8277.46063916253
2017-07-18,2303.88935545646
2013-11-13,404.17
2020-05-22,9059.9625068717269
2014-06-28,594.87170000000015
2014-07-26,593.77500000000009
2017-12-23,15241.9164656487
2018-09-25,6596.187313045577
2016-02-29,436.919
2022-09-08,19280.625476456778
2018-01-18,11569.4249920858
2024-07-01,62734.393839454737
2025-05-29,107494.86111111109
2025-02-05,97779.979166666642
2025-01-27,100409.64583333336
2024-01-02,44168.681186874732
2018-07-12,6373.234804689936
2017-05-27,2082.845
2021-11-23,56386.856853152145
2016-06-27,648.29999999999984
2018-05-02,9024.3875117766
2015-02-25,237.378
2016-11-06,712.12630000000013
2018-03-30,7126.89519256736
2018-02-25,9742.62819006538
2018-06-18,6418.85000188746
2014-12-20,328.77400000000011
2016-11-08,708.93999999999994
2018-11-03,6425.4415830402095
2013-12-28,738.81
2018-01-30,11095.2106891266
2020-01-01,7195.1538954300286
2019-11-10,8809.78367388588
2020-03-09,8041.3655380718346
2023-02-10,21820.886508092775
2017-01-27,918.2875
2014-08-17,494.7813
2015-04-30,236.2208
2018-04-17,8030.99926195254
2022-07-29,23822.067597823116
2014-12-19,317.54
2020-11-26,18753.288921684914
2020-11-08,14818.458911221491
2019-09-28,8183.4823475670264
2018-10-29,6481.3231416676081
2017-01-09,901.87888803906367
2014-12-10,346.97987183631858
2024-02-04,42976.848299908292
2017-03-22,1039.8401726478428
2023-01-28,23082.858382122955
2016-04-28,449.38099999999991
2018-01-12,14759.294629915
2015-11-11,305.98299999999989
2015-11-22,323.395
2019-12-10,7347.0369512453581
2021-12-22,49145.217258498851
2019-12-01,7556.397585815771
2015-05-21,235.42049999999989
2018-12-13,3438.1000735289817
2019-05-09,5957.8567328583986
2016-01-21,407.81500000000023
2020-09-13,10439.384672264039
2014-10-11,359.515
2019-05-05,5803.9433090484372
2024-09-15,60003.299400830423
2021-10-18,61583.774439613357
2021-03-20,58243.270608923631
2023-04-08,27934.438712848951
2018-08-20,6475.4940196673788
2014-03-16,629.55
2018-02-23,10032.863112314
2024-04-27,63802.330049258766
2013-07-31,110.34
2015-08-23,227.2453999999999
2024-07-12,57388.192479166675
2020-01-10,7832.7956438403871
2022-04-06,45635.454381266733
2016-09-12,605.83120524203207
2024-12-17,106405.88347881695
2024-05-14,62878.783300729294
2014-07-10,615.12750000000017
2020-12-09,18336.514581297808
2017-03-26,954.4766599717783
2019-04-19,5274.7670133365027
2015-01-29,232.53294223049409
2023-11-26,37809.852866253212
2016-05-25,449.05499999999989
2013-08-23,120
2015-05-28,237.48910000000009
2013-08-20,120.5
2017-03-23,1029.1394137431018
2024-09-21,63128.224540748255
2020-06-23,9678.6832089758354
2025-01-14,95866.80555555562
2025-01-03,97205.159722222234
2025-04-12,84092.131944444453
2025-03-09,84372.131944444423
2025-01-20,104545.08333333333
2025-02-07,97341.222222222263
2019-09-11,10121.102297214318
2020-01-15,8801.8712131377451
2021-06-22,31711.935467727006
2017-04-01,1085.2529999999997
2022-07-02,19407.447430262473
2020-03-22,6145.7708912523995
2023-06-03,27247.740081457028
2020-07-09,9432.1725158279387
2018-09-22,6753.8344721403255
2020-07-13,9297.4796358726635
2018-10-02,6598.8412597551769
2021-05-07,56507.759439869595
2013-08-07,106.75
2014-07-27,590.3788
2019-11-23,7293.0139491722966
2018-05-24,7556.31604292077
2018-08-15,6212.2260400556115
2021-09-08,46995.16417095979
2018-10-11,6582.4550823871023
2019-05-14,7805.98164948938
2020-10-27,13060.792212084059
2017-08-16,4262.5587912331
2022-11-26,16524.449007720887
2015-05-15,236.9908
2023-09-18,26520.988254783886
2021-07-26,35456.124660766836
2019-08-04,10791.200523159
2023-12-05,41974.331772543344
2022-04-18,39739.119256222089
2020-10-25,13106.04601925958
2015-04-16,227.9995
2021-07-12,34299.938016517444
2016-06-24,661.41660515930357
2019-07-04,11975.637393818817
2020-09-27,10743.19287975935
2019-05-28,8816.03391493351
2021-04-09,58065.644024815316
2013-07-08,77.502
2022-06-09,30229.236836130378
2016-11-28,731.84246135834871
2021-03-28,55832.418109618324
2017-12-05,12174.2537397926
2017-03-15,1258.4569999999999
2017-08-23,4069.0802390251
2021-08-03,39278.766508103676
2025-03-13,82287.041379310336
2025-03-31,82361.604166666642
2016-11-14,705.55
2014-08-24,508.1138
2021-02-02,33405.990357143273
2015-11-14,331.501
2024-10-08,62287.39010510681
2024-06-09,69315.1041233966
2023-04-21,28255.57824866478
2022-09-10,21359.582525579091
2023-05-16,27227.793422558792
2015-05-30,233.4572
2022-09-24,19291.904802452067
2020-04-08,7196.7822024420511
2018-06-25,6159.70719379414
2015-07-10,285.0223
2022-06-01,31865.749621173167
2023-08-03,29146.636270843632
2013-06-11,105.99
2020-02-06,9592.18387389791
2024-05-19,66912.618614036968
2016-12-04,766.36879999999974
2017-11-21,8114.13367954416
2019-09-13,10401.319919342226
2014-05-06,426.7634
2024-07-19,63959.569008093793
2014-10-08,353.39010000000007
2021-12-23,48755.895644044831
2014-07-07,619.49500000000023
2018-11-22,4613.44841218385
2020-08-12,11398.671060896633
2018-05-25,7563.43546544346
2021-04-25,50133.1073963654
2013-10-06,127.56
2020-06-24,9624.6842918313978
2015-04-27,228.5712
2015-02-16,235.9199
2017-11-17,7783.54246476388
2018-05-26,7472.02260174872
2022-12-01,17186.502572066118
2024-05-02,58297.574075325494
2015-12-22,436.23700000000008
2016-08-16,578.22315110235638
2024-10-03,60655.559791968481
2024-05-15,61569.1130057734
2015-03-21,259.4899
2013-04-29,141.96
2016-06-09,577.607
2016-08-25,576.11630000000014
2017-09-28,4134.88495085993
2025-05-07,96826.895833333343
2025-02-22,96480.569444444453
2018-09-02,7211.2707678688221
2014-06-19,593.38830000000019
2015-03-13,288.03649999999988
2014-09-02,474.6938
2024-08-25,64157.1606134782
2019-08-26,10090.061576030994
2021-11-22,59139.779279527174
2014-06-01,640.1617
2023-11-08,35436.537629579623
2019-08-23,10127.78985767835
2015-06-01,223.3178
2015-08-29,228.4683
2020-10-14,11426.105544220427
2019-06-23,10704.922148115673
2016-05-17,452.422
2020-03-23,5859.6474302993884
2015-12-05,390.645
2020-08-05,11181.917508034885
2023-07-18,30147.860079211525
2023-02-22,24417.387036309468
2023-10-03,27615.064885095271
2016-07-16,663.5010000000002
2014-02-18,625.01
2019-03-14,3865.8177826633892
2018-01-03,15583.8855377593
2017-02-25,1149.4036781698383
2021-09-28,42247.355729006355
2017-12-15,17978.6305581344
2016-06-21,664.9965293554344
2015-07-23,275.6135
2017-11-10,6656.83969350681
2021-04-23,51965.5664304852
2022-09-02,20153.975977982507
2023-04-22,27300.157128515566
2017-10-23,5959.98304059248
2023-01-12,17996.832553741606
2013-06-24,108
2019-10-02,8366.5039056635687
2016-09-28,603.55499999999972
2023-07-22,29914.682728358988
2024-09-13,58106.951229815284
2015-04-05,259.71179999999993
2021-02-20,56038.727758929883
2025-02-04,99351.0486111111
2025-04-17,84563.229166666672
2017-11-12,5866.51312938529
2020-10-28,13655.185415883081
2021-07-25,34213.599932176621
2018-03-14,9216.53097626842
2016-10-31,698.57629999999983
2020-11-07,15548.312145063144
2021-12-07,50461.576836539789
2013-07-30,101.5
2017-03-12,1230.56
2021-06-26,31943.136467863093
2017-03-24,940.02062655910356
2016-03-11,419.299
2023-10-13,26729.137205815106
2018-04-11,6829.31650379539
2020-07-04,9071.3850427828
2023-10-08,27977.543490700005
2019-02-09,3664.2821026589836
2021-04-26,48981.4413932161
2023-10-18,28417.721751699821
2017-04-05,1132.3399049927759
2015-10-14,252.6956
2015-09-06,239.1288999999999
2014-09-28,375.98879999999991
2016-01-01,434.42699999999991
2023-10-09,27948.103651748512
2018-06-05,7463.65499554503
2018-09-05,7359.4629929230268
2017-12-03,11256.7018287538
2014-08-22,515.82630000000006
2019-01-09,3973.5912546157865
2018-11-01,6366.7201095542569
2020-01-24,8415.9560273355382
2024-04-16,63430.5714573684
2018-02-13,8911.3985742083
2022-10-11,19142.694767392895
2015-08-21,232.33240000000009
2014-01-19,838.17
2025-03-14,83131.256944444409
2018-06-28,6117.03640962264
2019-09-07,10350.748325717243
2018-09-27,6462.7956352922392
2024-09-26,63151.899594013368
2014-06-24,582.41499999999985
2021-07-05,35394.213074080915
2023-02-14,21807.834274723064
2015-12-28,420.708
2022-10-03,19065.153837148988
2014-03-19,610.636
2024-06-02,67704.326418115234
2020-04-29,7758.2302551859466
2021-10-26,63228.213825842133
2020-01-07,7734.6755157852886
2024-11-24,97679.463816430332
2015-10-31,312.2783
2020-03-19,5376.2807478454379
2018-11-10,6413.78203857173
2021-05-13,50004.76218313686
2018-05-27,7328.87167436352
2016-03-02,424.485
2023-02-28,23518.12390627588
2023-04-29,29339.994997549351
2016-12-02,771.1713
2020-09-17,10952.249969107099
2022-08-24,21562.45153991356
2023-03-21,27929.167733140293
2020-05-16,9309.29535940684
2019-09-06,10570.249940786205
2018-10-22,6529.6700213708418
2017-02-03,1015.4425000000001
2020-08-20,11733.278970862082
2021-01-17,36254.713079410845
2014-08-01,593.86552739536694
2015-07-29,288.71949908859239
2018-07-13,6230.5901971047815
2022-06-11,29101.2982596468
2025-01-05,98061.4652777778
2025-05-02,96990.916666666657
2025-06-16,107087.38194444445
2016-07-22,651.08999999999992
2016-06-06,585.563
2017-09-10,4132.6646422833
2017-08-02,2697.8509023017
2016-04-17,428.027
2020-01-08,8147.4152376363709
2018-09-17,6506.248493217292
2021-05-29,35710.220936529884
2013-07-04,78.8
2020-09-15,10661.096235144483
2024-04-02,69785.925038023721
2017-02-11,1010.9462999999998
2016-04-21,451.0830000000002
2014-07-30,560.79129999999986
2020-03-05,8758.6469931919164
2015-08-05,281.40106236502749
2024-08-22,61144.687628666128
2015-10-09,244.2051
2021-02-13,47414.1862550079
2019-09-04,10620.165189356907
2019-04-22,5311.1648402992741
2017-04-19,1225.721
2024-01-05,44195.578562099712
2022-09-22,18539.635238312581
2015-05-14,236.704
2022-07-08,21660.596837075183
2022-03-23,42401.895597489434
2019-06-02,8554.2617280920167
2018-02-04,8994.91486607664
2024-04-15,65752.660047288809
2022-05-09,34070.312197579609
2018-03-29,7930.77954092755
2018-12-15,3216.6271499079407
2016-12-21,826.62076790318565
2020-11-17,16714.40386322188
2025-10-11,111870.89583333328
2014-04-19,501.5515
2020-11-12,15686.905986213233
2019-02-03,3486.581616258029
2022-06-19,19047.417828281948
2022-08-25,21395.458469759909
2019-07-25,9799.3063129679358
2023-05-18,27389.971511442203
2013-08-22,122.499
2018-02-10,8650.71675042998
2023-03-03,23464.336541852819
2016-11-30,742.35879999999975
2015-03-27,247.1476
2018-10-30,6292.6479239344
2018-08-14,6283.99625058153
2020-04-13,6913.1587874690968
2020-06-13,9469.5332975099082
2016-05-23,443.175
2020-02-15,10320.157140513991
2018-07-11,6303.3806647293231
2016-02-19,419.377
2023-02-19,24642.79087073843
2023-05-14,26798.126271474703
2016-01-17,386.35600000000011
2022-04-10,42796.397478109728
2024-03-12,72130.55300765681
2022-07-31,23653.459549430798
2014-05-21,488.7717
2018-03-22,8970.31790627893
2020-07-07,9342.3764926266776
2017-03-17,1074.0938695062455
2018-07-02,6312.87724313135
2022-11-23,16171.628978315088
2023-04-14,30405.027312781145
2017-07-28,2798.82931330334
2015-11-21,325.159
2020-03-29,6255.0003986936345
2017-09-24,3672.30507973319
2014-05-17,445.8533
2018-11-09,6490.4547307617568
2021-08-29,48936.537254142204
2014-06-26,579.5867
2017-04-07,1189.7751237032121
2025-09-11,114257.46527777778
2025-09-10,112728.04861111111
2025-05-21,107418.77777777778
2025-05-31,104116.22222222223
2025-01-15,98042.368055555591
2024-09-08,54150.9383589072
2017-05-23,2292.7025
2016-04-30,447.90299999999985
2016-12-20,799.72129999999993
2014-08-07,587.20315901880542
2023-06-28,30693.546356067978
2015-01-27,259.2356
2019-08-20,10895.971844429239
2021-04-21,56294.728558586925
2023-01-19,20726.844969426445
2021-07-31,41936.261478677225
2014-05-04,433.9432
2013-09-25,127.99
2014-06-27,598.2367
2016-07-31,623.74577125330222
2020-04-05,6859.4249237219437
2021-05-10,58213.926293744385
2023-03-17,25161.272017520052
2019-03-31,4103.8564213339232
2014-06-18,604.19
2014-04-27,437.9216
2020-07-03,9094.318072166905
2018-09-30,6606.0737954220758
2013-10-30,204.2
2016-11-23,741.16624651787367
2024-09-14,60620.627472957538
2019-11-13,8806.7519989540142
2018-07-04,6497.60735494217
2024-07-31,66219.051024861023
2019-10-11,8561.51932921772
2024-01-03,44994.673886892371
2013-11-05,230.63
2019-10-24,7468.5325324369
2015-10-25,284.749
2023-01-08,16950.861521853905
2021-11-11,65061.05440696283
2018-07-29,8192.13570223742
2015-06-10,229.0022
2025-07-09,109361.29166666667
2025-03-28,85146.805555555518
2025-08-11,120359.3125
2025-08-12,119191.11805555555
2024-12-30,93483.911259820336
2025-06-12,107438.7908496732
2025-05-14,103617.71527777778
2024-05-25,68539.91646552991
2014-04-24,494.2733
2021-11-13,64432.047947345221
2022-03-07,38442.991745886757
2016-06-02,538.832
2014-02-11,697.76
2020-04-16,6629.4317380312914
2022-10-25,19316.940622942129
2020-12-03,19208.398191994624
2023-07-01,30480.781481944465
2015-04-19,222.6812
2023-09-08,26192.333433090567
2014-07-22,619.0062999999999
2017-02-02,1008.4033182231417
2020-03-28,6397.8263283256038
2016-09-19,608.61763429732446
2015-10-07,243.2229000000001
2022-07-24,22506.199573628986
2022-11-02,20489.646203160763
2023-06-20,26779.387461522838
2019-07-24,9936.3807623470329
2015-02-27,253.8991
2020-12-04,19435.20484740911
2017-04-30,1349.8863
2015-03-07,275.58463873408323
2015-07-09,268.89280000000008
2024-08-10,60912.588533350805
2023-10-10,27593.782534439666
2022-10-22,19173.280468858629
2018-01-08,15900.3650216006
2022-04-13,40205.677940732057
2013-10-02,132.04
2020-04-04,6732.8520183946121
2020-10-08,10668.011010796896
2017-05-13,1751.73
2015-03-09,289.29570000000012
2020-08-11,11862.938012702563
2023-07-26,29222.974630383527
2014-01-18,840
2025-10-12,112471.47916666664
2025-06-20,104587.20138888888
2025-07-15,117346.875
2015-06-12,230.5181
2020-03-21,6195.603505257629
2022-09-17,19764.411712043777
2019-01-24,3555.7000025226243
2020-02-09,9890.7016581948646
2018-12-10,3550.5464338968891
2017-07-02,2518.54569431263
2021-05-22,37339.634201346278
2013-12-01,1033.39
2015-08-17,257.06340000000012
2022-12-31,16604.020520373393
2022-11-15,16645.828500283515
2014-12-24,322.194
2018-11-16,5686.541131058274
2018-08-18,6566.7151633773819
2023-08-15,29400.586804191051
2013-10-14,140.48
2024-07-02,62819.822269218494
2024-08-01,64679.778647032515
2024-08-04,60738.7449250574
2024-06-18,66460.388979099516
2021-10-29,60767.555852067278
2013-06-23,107.25
2013-05-01,117
2017-05-17,1804.4513
2022-01-29,37852.579028032633
2022-09-20,19570.386709523507
2021-09-14,45139.833968732673
2013-07-29,98.5759
2014-07-29,581.7138
2024-11-15,87407.512737101279
2018-08-06,7036.60933127318
2019-11-09,8795.8960694002253
2017-09-22,3622.1830393146
2022-11-03,20162.980904822525
2023-04-25,27511.635682161308
2015-01-05,273.22
2020-05-11,8752.6170877458317
2014-04-25,458.8067
2016-09-14,608.42500000000018
2020-05-04,8888.6719126868684
2017-04-29,1327.6863
2023-01-16,20853.230569490253
2019-03-16,3925.460579704576
2018-05-07,9583.87174550137
2016-09-17,605.3438
2020-06-08,9738.603356828593
2013-12-23,645.75
2021-06-27,32023.973901774916
2017-02-15,1008.8812999999999
2025-07-14,120783.22916666666
2025-10-24,110805.75524475526
2025-03-02,88340.47222222219
2019-06-08,8036.1081591222146
2021-06-23,32507.738707026845
2016-03-03,420.17099999999988
2016-11-11,715.64250000000015
2013-07-23,91.7024
2014-12-11,346.90899999999988
2023-03-07,22415.113659694827
2023-04-05,28175.330334215389
2024-05-04,62839.340735693761
2014-10-13,387.03879999999992
2021-03-12,57788.868103295143
2017-09-19,3898.93473248234
2022-10-19,19348.029368810374
2020-05-29,9546.04563503715
2024-09-23,63582.599569248247
2015-08-04,284.2393
2014-04-02,437.515
2023-09-29,27009.01375072488
2018-08-25,6684.3791442066786
2021-11-20,58459.255516674632
2023-01-10,17194.909329453181
2021-12-16,48936.86258244155
2014-04-09,440.1983
2021-02-08,38833.340264555321
2018-07-14,6248.3973130337972
2020-12-06,19139.111575237486
2017-10-29,6123.54977135535
2020-11-13,16265.149252483357
2015-09-16,228.46400000000011
2024-10-01,63243.275324643822
2023-01-14,19941.780543296303
2014-09-17,454.62380000000007
2019-06-14,8227.625725590904
2023-05-13,26787.690395918329
2016-06-22,591.895
2023-08-23,26033.675406585844
2016-12-06,758.69249999999988
2018-09-01,7027.6312794018522
2015-02-15,232.9962
2014-11-20,355.3888345541618
2015-03-24,245.1679
2014-07-03,640.28380000000027
2018-10-10,6633.745729917172
2021-05-12,56928.972356601582
2024-01-27,41862.9356109399
2014-09-16,462.5925
2017-07-08,2563.19551359687
2023-06-29,30083.477245263824
2021-03-09,52328.5359126325
2021-09-23,43587.223050584733
2017-12-02,11162.5450307617
2025-08-16,117669.88888888889
2025-02-16,97203.1944444444
2025-07-25,116313.875
2025-08-25,111847.45833333333
2018-09-23,6747.0321729600237
2020-04-06,6788.0482726059172
2021-11-27,53827.792865034724
2019-09-16,10305.675020156998
2019-07-23,10343.318139598357
2018-08-26,6736.0360575164586
2014-03-29,502.302
2019-11-15,8652.0252882723289
2022-08-30,20308.861447891457
2017-12-07,18491.1815542282
2014-01-17,812.9
2019-12-17,6901.0369153360862
2018-07-17,6741.6919602852695
2015-03-06,272.34129999999988
2015-08-06,278.0134
2022-04-09,42315.709724218068
2016-01-30,376.921
2022-06-20,20516.411979775239
2021-01-26,32375.320062981456
2018-06-07,7605.57848860797
2017-09-11,4164.97621199409
2015-11-06,372.82600000000008
2016-04-06,421.65599999999995
2016-01-19,379.015
2024-07-07,58230.4841542266
2013-11-23,819.31
2023-09-28,26350.146895428057
2021-10-31,61837.257002978935
2015-02-21,244.1459
2017-09-06,4592.25027789782
2019-10-25,7433.915345679171
2019-05-26,8037.6274318605838
2023-10-12,26842.190439092396
2013-06-18,102
2022-01-15,43120.854511080557
2017-02-08,1055.3013
2024-11-23,98927.49494553401
2023-05-03,28654.390133326717
2022-02-24,37372.2926803477
2017-04-13,1174.209
2023-11-27,37491.838186008135
2019-07-31,9568.4374521643149
2015-08-27,222.9704
2015-01-21,224.0451
2017-04-18,1217.58
2024-09-19,61440.412084945092
2020-08-02,11812.094307268515
2024-02-05,42599.359970559781
2025-01-04,98010.354166666657
2025-01-11,94366.090277777752
2025-06-19,104664.21527777778
2016-01-27,394.491
2015-05-22,240.9352
2015-07-02,254.6537509187558
2020-12-25,23760.287048542956
2016-04-03,418.18500000000012
2015-10-06,246.444
2014-09-11,476.37750000000011
2015-03-04,273.01929999999987
2016-04-09,416.145
2014-11-06,347.8183
2017-12-14,16865.3616648753
2015-12-02,358.81999999999988
2024-05-01,60749.472092163873
2023-05-26,26475.607902534273
2014-11-30,376.472
2019-03-07,3860.5107623806839
2014-08-16,521.04630000000009
2024-01-29,42026.578562321447
2019-02-15,3589.6618296263182
2024-09-04,57504.538586220435
2024-02-21,52286.793725546668
2014-06-13,594.6833
2017-10-03,4319.06921246641
2017-04-24,1249.9563
2022-07-04,19310.233218521833
2017-05-16,1716.315
2020-04-26,7538.557687279841
2014-03-11,624.23
2023-12-31,42220.611401213762
2013-12-24,659.94
2019-04-17,5213.5983769620816
2022-07-01,19608.397493423083
2014-03-09,636.17
2020-05-08,9959.1664162617672
2018-05-03,9122.65301383019
2022-02-28,37803.59016044929
2018-12-23,3960.5677734080382
2023-11-30,37810.346416541281
2019-12-28,7247.62371236525
2022-12-08,16851.303468631839
2024-03-28,69435.750403052109
2025-02-08,96309.159722222219
2025-06-05,104064.9375
2025-06-09,107212.84027777778
2025-03-22,84168.395833333328
2025-01-29,102473.11805555555
2025-09-05,111507.4375
2015-05-27,237.2305
2022-08-04,22860.42098438317
2017-08-24,4167.28917680219
2016-05-04,447.119
2016-05-03,450.3
2023-04-23,27861.640663476548
2015-07-17,278.3728
2021-06-20,35581.642267732008
2015-08-14,265.12810000000007
2019-07-12,11385.060490564521
2022-10-30,20800.70708772471
2022-02-15,42634.573783663065
2013-08-27,125.67
2020-01-31,9509.80513557522
2019-09-26,8446.2441155485285
2019-02-13,3633.9650467461183
2014-02-09,672.07
2013-09-22,128.37
2024-10-26,66585.665355014455
2022-12-06,16973.372577553495
2015-11-23,322.82900000000012
2022-04-07,43198.775269364909
2018-01-17,11415.3928442768
2018-03-17,8520.00815917187
2021-12-15,48410.564656309325
2017-05-21,2053.8788
2023-07-21,29787.041530355687
2020-08-07,11768.127742240009
2022-06-29,20282.542479269694
2021-07-11,33704.538474405083
2022-03-22,41061.815893849867
2013-07-18,97.8
2024-07-22,68088.139963245325
2019-02-19,3886.5202004751386
2023-07-17,30237.334785146097
2024-03-15,71420.031801423451
2021-07-08,33932.254638315382
2015-09-05,234.7495
2014-03-04,675
2023-05-06,29520.322268970496
2017-06-13,2736.1888
2025-03-05,88682.34027777781
2025-04-22,89657.062499999985
2024-12-29,94807.306254220777
2020-05-28,9174.1185639964242
2024-08-13,59350.074332706958
2024-05-18,67053.123265095637
2014-01-20,869.15
2014-11-08,344.1783
2018-10-14,6314.8833844225728
2018-05-28,7326.64394017867
2021-07-27,37281.918092176616
2023-05-19,26842.95249471792
2014-06-30,637.75499999999988
2019-12-23,7488.1961746014658
2016-12-16,781.33750000000009
2018-09-09,6181.19445075213
2024-03-17,65292.313293312887
2023-09-07,25752.958418589413
2020-11-15,16095.561510630652
2014-09-25,407.9775
2014-10-09,358.395
2022-01-27,36870.440166930995
2021-10-25,61173.1663907232
2024-01-01,42208.202176186474
2021-01-24,32068.087374408169
2019-08-27,10334.911854471331
2015-12-25,455.7419999999999
2020-10-15,11435.57243757972
2022-06-12,28374.144997323951
2023-12-25,43034.971063091514
2016-06-28,646.84299999999973
2013-10-23,206.78
2023-03-11,20195.2289502733
2021-06-14,39147.705678799968
2019-10-30,9407.1633514594268
2014-12-13,347.484
2019-10-26,8652.0300298674611
2020-12-07,19325.554118591092
2019-03-13,3876.4808527546488
2021-10-23,61029.270931820924
2021-02-16,47898.487027633135
2013-05-20,122.58
2016-09-15,605.58380000000011
2014-10-01,380.89499999999992
2013-08-13,106.068
2013-12-04,1121.48
2018-03-01,10346.664931035
2015-02-13,235.6774
2015-04-11,236.4501
2022-08-29,19659.246706193619
2025-04-09,78316.937500000015
2025-06-11,109391.45833333333
2025-04-18,84619.395833333343
2025-07-10,112114.20138888891
2017-10-12,5331.61930195449
2023-10-02,27967.510579087113
2017-09-13,3883.65200134942
2022-08-11,23948.829553271633
2022-10-28,20278.366232052191
2015-06-24,240.53770000000009
2021-12-04,53785.96717237922
2022-12-09,17235.014157992136
2022-02-25,38363.345488570165
2021-02-26,46992.665450048495
2019-03-05,3712.812457297799
2021-10-09,54010.937473744052
2021-01-03,32163.824935335215
2021-05-24,34977.527801962424
2021-03-29,55728.101327806529
2021-04-02,58801.194843878126
2014-11-01,323.9763
2015-11-15,320.484
2017-05-09,1700.1775
2017-04-15,1180.323
2020-07-14,9240.76251972468
2016-02-02,372.86799999999988
2015-09-01,227.1631
2014-05-01,455.0913
2019-04-09,5266.89477647303
2021-03-04,50577.457469152017
2021-03-23,54370.137557895185
2017-07-10,2363.51568155487
2014-08-05,582.41862676497612
2013-11-17,488.36
2018-06-27,6069.87260616628
2018-02-03,8830.16351005472
2021-09-10,46518.941186602358
2023-03-20,28186.842652360127
2016-03-25,415.743
2023-07-07,29990.055151220247
2020-11-18,17651.820427681709
2018-05-15,8696.97400387283
2024-10-07,62811.799728112659
2025-05-18,104154.46527777778
2025-03-27,87223.354166666686
2025-07-18,118889.99305555555
2025-04-20,84765.416666666657
2017-08-04,2845.89716230278
2017-08-11,3562.58766284089
2024-03-05,68186.645934321525
2015-10-27,294.80939999999993
2013-09-11,131.65
2018-02-05,8315.51749143615
2023-09-20,27219.296874634216
2022-07-25,22613.719208248454
2014-10-22,379.44250000000011
2019-08-05,10951.593834840049
2023-12-22,43849.69959939619
2020-02-19,10133.817417084678
2021-08-22,48933.689151311635
2013-05-19,120.501
2016-09-10,623.05880000000013
2021-06-15,40624.513053161543
2021-01-25,32273.517350329272
2013-08-08,101.672
2020-09-21,10923.326668181369
2016-12-11,768.23249999999985
2023-08-17,28754.197021112574
2016-01-22,377.21000000000009
2021-12-10,47885.871989417064
2014-12-30,310.079
2014-02-12,655.26
2021-02-06,38007.832229083957
2015-10-08,242.9008
2017-04-10,1210.515
2015-06-04,224.1748
2022-01-16,43226.650269809208
2016-03-21,411.091
2023-01-09,17074.615395726742
2022-09-28,19116.331160710437
2024-08-21,59060.12610074137
2023-08-30,27730.503735505539
2018-10-05,6578.7018092848493
2014-03-01,560.11
2016-10-12,635.6163
2022-03-13,38903.693548005991
2023-04-11,29657.974136873556
2018-03-07,10727.716249205
2018-08-21,6242.8824384007985
2018-01-11,14050.5696063543
2020-12-17,21317.662136786839
2015-12-12,434.903
2013-12-12,878.17
2020-07-19,9168.4027365641323
2025-09-23,112564.33333333333
2025-02-25,89359.28472222219
2025-03-07,88036.187499999985
2025-09-24,112944.49305555555
2025-02-19,95936.854166666642
2023-01-24,22984.874976437211
2017-02-23,1185.6547846887681
2016-03-29,415.54700000000008
2021-02-25,49849.378713583144
2024-01-20,41600.94093254464
2018-10-26,6458.1915218368013
2022-06-17,20408.690490591813
2014-04-26,453.8
2022-02-12,42445.388767938042
2013-10-27,189.83
2015-10-29,313.9073
2016-08-04,576.60370672485453
2021-09-12,45196.488277558245
2017-06-02,2514.2275
2014-02-13,651.91
2021-12-25,50888.721036786832
2022-01-23,35180.435462830384
2019-08-12,11549.998354322472
2023-11-09,35795.080630710196
2016-06-05,574.4756747207706
2024-04-23,66841.666852073613
2013-09-14,131.39
2017-11-28,10257.0674169803
2014-08-12,567.40234822082084
2018-12-14,3294.6361565452671
2024-04-13,67252.10504226631
2024-10-19,68465.619206687348
2017-10-30,6104.38870915078
2020-02-24,9946.7161234675223
2022-04-25,39469.049861981461
2014-03-06,654.55
2017-12-12,17249.920214656
2013-06-17,100.42
2020-06-25,9288.0617744869378
2013-12-07,811.98
2015-07-11,291.89074315695183
2018-02-12,8168.63777979963
2014-05-26,579.6217
2024-03-03,62067.866802121767
2014-06-14,570.0033
2016-10-06,610.98000000000013
2013-12-11,887.08
2021-08-23,49250.544869717989
2025-08-07,115875.19444444447
2025-10-04,122178.20833333333
2025-04-19,85091.7222222222
2025-07-11,117440.23611111111
2025-01-13,92999.3194444444
2017-10-20,5952.7713587923
2013-08-06,105.841
2022-06-18,20473.05288079512
2021-11-01,61471.868462762592
2016-02-03,368.124
2016-01-24,403.05599999999993
2015-01-07,295.8725
2020-03-17,5032.501351487721
2017-10-13,5610.49316222874
2017-02-12,1000.5237691031117
2023-09-16,26634.631025000588
2020-09-11,10342.159391205681
2015-09-15,229.9118
2019-07-05,11229.60561912491
2013-12-16,789.15
2015-04-18,222.95369999999991
2018-11-08,6574.8011802900128
2016-09-08,625.46750000000009
2021-04-29,54810.6138506792
2022-05-08,35573.310198834879
2014-10-23,356.2000000000001
2022-10-16,19072.780513358884
2017-06-03,2562.54
2021-11-04,63130.942351715421
2015-09-26,234.5278999999999
2017-02-07,1051.5000000000005
2014-10-03,356.18999999999988
2020-12-14,19151.134423404928
2019-07-20,10536.565849576118
2018-03-10,9276.33759031006
2016-12-28,977.13999999999987
2016-01-08,454.69630000000012
2015-01-10,274.533
2013-05-21,122.9
2017-06-12,2701.255
2022-06-13,26767.269173221313
2023-11-01,34672.2892841885
2024-04-06,67978.610234085063
2023-04-30,29217.944046809913
2024-07-20,66689.548807349565
2025-08-31,108816.43749999999
2024-12-10,97131.508226326652
2025-09-02,110373.57638888891
2025-07-31,117970.93055555555
2025-09-09,111918.20138888888
2025-09-14,115777.02083333334
2016-10-29,715.41032432321629
2017-01-23,918.90750000000014
2021-07-07,34149.989814774119
2017-06-22,2724.91221331707
2021-09-18,47228.658216232572
2017-05-25,2366.9725
2019-08-24,10385.509090033882
2024-07-08,55880.3753776708
2016-01-12,445.792
2019-11-08,9221.0737849838024
2015-01-06,285.37380000000007
2019-06-18,9312.868294808708
2024-01-13,42893.929605504811
2014-04-10,360.8407
2017-11-02,7059.7938605488
2022-07-12,19998.467839575842
2022-11-11,17594.923500278233
2024-06-30,60864.443161934279
2019-10-03,8350.1321632429444
2014-10-21,382.41379999999992
2023-05-24,27222.937746603853
2022-03-01,43225.404677435734
2014-01-25,804.39
2013-11-12,355.48
2014-09-06,482.3588
2023-02-09,22947.507828568461
2021-06-18,38193.619141943964
2024-10-13,63207.770621275573
2024-05-22,70189.8358177002
2018-08-05,7009.0120117939159
2015-12-04,362.76699999999988
2022-01-17,43119.792143080282
2024-03-23,63509.044965231333
2017-11-03,7234.73838202036
2020-05-26,8883.6917698634152
2019-04-05,4899.0215537832873
2016-08-13,584.4688683346069
2021-08-15,47088.853134514669
2017-09-05,4447.87559221093
2014-05-14,444.2467
2024-05-03,59135.1733607733
2021-10-01,43859.326147241089
2014-12-01,379.489
2014-10-16,379.39129999999989
2019-11-25,6935.73862740252
2024-05-21,71430.297002151448
2017-12-10,15808.5098961544
2018-07-24,7704.99567890457
2019-02-02,3464.4901475621541
2018-07-19,7334.7713720761913
2022-08-03,23053.846847482677
2019-06-05,7683.636261419786
2014-04-08,450.4638
2024-07-04,60244.680764330922
2021-04-15,62807.123232592989
2018-11-29,4267.2436289906573
2022-11-18,16718.361228055077
2022-09-27,19219.727780656474
2014-02-24,572.39
2020-10-10,11063.2523862591
2017-05-15,1696.13
2018-07-10,6648.2567959033213
2022-02-13,42254.738123237206
2022-05-01,37820.61176529208
2021-05-28,38642.895554342169
2017-05-20,2043.42
2014-09-12,473.68749999999989
2021-08-12,45652.060125069263
2024-06-19,65109.314812190474
2021-11-14,64660.335352673428
2024-04-14,64404.82548907413
2021-01-01,29022.418395304168
2014-10-20,379.76999999999992
2019-01-17,3597.6473233295915
2018-11-30,4279.4755925487116
2020-02-03,9338.4166319394044
2025-08-30,108505.02777777777
2025-05-24,108474.89583333334
2024-12-06,98083.61476537204
2016-03-15,415.64100000000008
2019-03-24,4008.9453863147542
2020-09-25,10726.530083321983
2013-11-14,408.84
2014-03-27,567.64
2022-01-25,36774.007142240051
2021-06-03,37685.717981748261
2023-03-28,27182.299559950465
2021-01-15,39232.749971403457
2017-03-10,1100.0105899712148
2017-06-26,2488.19416337737
2021-04-10,58152.993262141834
2014-09-29,373.0888
2024-09-09,54792.40755768575
2016-03-09,412.31900000000007
2013-10-15,143.89
2020-06-30,9185.1665406511474
2019-11-26,7118.2648833932053
2020-02-22,9673.0118002703457
2016-10-03,611.96090265617988
2023-07-12,30620.81424697801
2024-07-24,65942.417465228369
2020-11-06,15553.331701081443
2023-09-09,25907.228137249735
2013-06-22,109.015
2014-07-20,620.5138
2013-12-05,989.04
2015-05-02,235.1563
2015-10-15,254.62955307462209
2021-12-31,47191.86838983951
2022-11-19,16707.022778986535
2022-04-28,39237.94931747103
2022-07-23,22696.902754290055
2016-05-19,440.53899999999982
2016-11-19,750.41004807491242
2021-06-16,40378.202549711139
2022-10-18,19557.895548868444
2021-06-07,35834.4744744042
2017-05-03,1485.8175
2015-10-22,273.57299999999992
2016-09-16,606.55336589369153
2016-01-23,389.64099999999991
2017-01-07,900.07879999999989
2023-04-17,30304.807514785844
2018-06-24,6169.43726386169
2014-02-14,623.57
2024-02-19,52138.485788736929
2017-01-22,918.77881201465539
2020-08-15,11777.391322489924
2016-11-18,748.4263
2019-03-22,3983.3177812973622
2017-03-04,1268.8145320151446
2021-04-03,59060.026783338013
2016-09-27,604.20749999999987
2019-11-24,7309.689243566324
2014-11-22,351.55000000000013
2020-11-29,17718.972832629497
2019-12-27,7208.4893078921523
2022-04-21,41397.220477279625
2020-04-03,6807.8970178905656
2014-07-04,627.1288
2015-09-25,234.9767
2017-02-21,1125.4088148356532
2015-08-24,210.09438506379371
2024-04-03,65440.419225871592
2024-01-15,41800.93282193406
2024-10-17,67647.544147668712
2016-06-01,539.16799999999989
2018-03-21,8926.82049620007
2013-08-16,109.867
2024-01-14,42848.474516407492
2016-02-24,423.18700000000013
2017-09-12,4130.95628475182
2016-02-04,388.37599999999992
2015-11-16,331.353
2017-10-09,4758.72164979337
2018-02-18,11006.647685962
2016-08-10,592.266843297098
2024-07-16,64835.489733215712
2025-10-09,121827.49305555556
2025-02-27,85166.8402777778
2018-01-29,11157.6638878978
2024-08-16,57624.116928521908
2015-05-05,236.00150000000011
2017-08-17,4286.91743450516
2017-01-13,824.4988000000003
2017-12-08,16908.0049521112
2021-10-27,60604.188887947457
2021-04-19,56288.945340011953
2024-02-27,54478.191083122954
2023-12-17,42247.067881722287
2016-05-08,459.283
2016-02-10,379.829
2023-05-10,27607.39168091902
2014-01-06,936.38
2020-09-06,10177.789718049991
2018-08-16,6267.76870877378
2022-08-17,23913.333725628458
2018-02-14,8518.26907619091
2023-05-07,28887.741045523366
2019-01-19,3597.7932517701506
2018-11-18,5599.1915956893035
2023-05-20,26884.371059589947
2014-05-03,434.0333
2022-11-09,18562.353215089643
2017-10-15,5684.04710411913
2013-09-21,126.78
2015-04-25,225.9568
2021-04-08,56134.417388664348
2015-03-29,241.91369999999989
2022-11-16,16890.529383864639
2018-03-05,11286.6762891691
2016-05-02,444.488
2013-05-13,117.18
2019-05-23,7665.79685383355
2023-03-19,27107.792183504385
2015-05-18,232.4757
2025-03-30,82858.069444444467
2025-10-01,116154.10416666669
2025-03-24,87361.486111111109
2018-07-28,8145.3331681206664
2021-09-03,49338.784651833317
2017-10-24,5550.08158528565
2023-12-15,43009.5954563739
2016-06-17,749.41899999999987
2017-06-19,2620.13645139993
2020-04-11,6864.6942570064966
2014-10-25,347.0304940564094
2022-09-11,21707.387319318139
2015-01-04,260.936
2018-03-19,8217.84219996114
2020-06-07,9662.8587090022411
2020-09-02,11895.225345345636
2022-06-14,22525.768350391198
2017-07-19,2274.62136530529
2013-08-26,122.04
2016-09-24,601.27250000000026
2013-10-12,135.35
2019-08-28,10167.889390020262
2015-10-11,247.5392
2014-12-02,381.37680000000012
2013-07-14,95.58
2023-11-17,36201.516111461417
2021-09-07,52739.800166345514
2022-03-30,47459.261237539096
2020-07-10,9235.716302064242
2014-07-13,627.46232281933544
2022-05-25,29655.026131752489
2021-04-11,59979.392815718311
2021-07-09,32933.578199292395
2017-05-19,1972.9013
2021-12-01,57011.28047424234
2023-04-12,30260.936109408649
2018-03-12,9512.45611286134
2024-10-31,72342.621711279862
2015-07-13,290.6655
2019-06-01,8575.6463533541664
2022-09-30,19563.765161776904
2021-03-06,49091.814882329767
2021-08-27,47229.070650876114
2015-12-24,454.907
2025-05-27,109476.17361111112
2025-04-23,93524.138888888891
2025-02-28,81992.1388888889
2025-10-22,108049.1875
2025-07-05,108109.40277777778
2025-10-23,109409.75
2025-09-06,110616.43055555555
2025-04-03,82782.458333333372
2018-10-21,6532.6787503838059
2015-06-22,247.27900000000011
2019-07-22,10607.463560702123
2015-09-14,230.21
2020-02-14,10221.260309201634
2019-10-05,8156.5195538409616
2021-12-11,47303.564152174113
2020-07-17,9136.4833763639763
2021-02-10,46569.56483
2015-09-30,236.0463
2020-01-23,8665.4369140968975
2023-04-27,28352.191320596681
2022-05-28,28646.652181932452
2016-12-07,763.91499999999985
2018-04-01,6975.27531402076
2013-06-12,108.9
2023-03-18,27466.677829829863
2013-07-19,88.7869
2018-12-22,3846.2274979885774
2017-09-25,3866.70515274174
2024-06-05,70600.011166760887
2014-11-03,323.995
2020-08-08,11571.487980683192
2014-03-18,612.622
2022-01-04,46531.140860530526
2019-12-06,7373.7824985776506
2014-08-26,510.63879999999989
2021-10-14,57487.985880422195
2023-02-02,23725.161796142238
2023-07-25,29184.901913057693
2013-10-07,128.38
2017-10-28,5734.30745398276
2020-08-23,11676.385305081287
2013-07-22,90.3672
2021-06-10,37553.643758518883
2025-04-29,94873.055555555547
